occurrence_id,original_identifier,original_reference_number,original_location,section,container,original_context,identity_title,identity_authors,identity_year,identity_doi,bibtex_key,entry_origin,old_bib_key,entry_sources,match_evidence,status,current_number,target_tex,target_line,compiler_resolved,pending_issue,evidence_urls,access_date,word_source,old_bib_path,word_reference_text
C001,[1],1,word/document.xml / body-4,1 Introduction,paragraph,"Audio-visual generalized zero-shot learning (AVGZSL) jointly exploits the visual and audio streams of a video and establishes associations between audio-visual representations and textual class semantics. The goal is to recognize unseen classes that are absent from training while retaining the ability to distinguish seen classes. Representative methods, including CJME [1], AVGZSLNet [2], AVCA [3], and ClipClap-GZSL [4], have attracted considerable attention in multimodal video understanding and demonstrated promising potential for unseen-class classification.",Coordinated Joint Multimodal Embeddings for Generalized Audio-Visual Zero-shot Classification and Retrieval of Videos,"Parida, Kranti Kumar and Matiyali, Neeraj and Guha, Tanaya and Sharma, Gaurav",2020,10.1109/WACV45572.2020.9093438,parida2020cjme,"old bib, verified against primary metadata",3,ref-01-crossref.json; ref-01-cvf.html,"Exact DOI metadata: title, authors and publication identity inspected.; Same title/authors/year; Word pagination independently confirmed.",identity_verified,1,source/sections/01-introduction.tex,9,True,,https://api.crossref.org/works/10.1109%2FWACV45572.2020.9093438; https://openaccess.thecvf.com/content_WACV_2020/html/Parida_Coordinated_Joint_Multimodal_Embeddings_for_Generalized_Audio-Visual_Zero-shot_Classification_and_WACV_2020_paper.html,2026-09-23,C:\Users\admin\Documents\GitHub\WH\论文方案\SGTG_English_Translation.docx,C:\Users\admin\Documents\GitHub\WH\论文方案\KA_GZSL_TMM\sec\references.bib,"PARIDA K K, MATIYALI N, GUHA T, et al. Coordinated joint multimodal embeddings for generalized audio-visual zero-shot classification and retrieval of videos In: Proceedings of the IEEE/CVF Winter Conference on Applications of Computer Vision (WACV). 2020: 3251-3260."
C002,[2],2,word/document.xml / body-4,1 Introduction,paragraph,"Audio-visual generalized zero-shot learning (AVGZSL) jointly exploits the visual and audio streams of a video and establishes associations between audio-visual representations and textual class semantics. The goal is to recognize unseen classes that are absent from training while retaining the ability to distinguish seen classes. Representative methods, including CJME [1], AVGZSLNet [2], AVCA [3], and ClipClap-GZSL [4], have attracted considerable attention in multimodal video understanding and demonstrated promising potential for unseen-class classification.",AVGZSLNet: Audio-Visual Generalized Zero-Shot Learning by Reconstructing Label Features From Multi-Modal Embeddings,"Mazumder, Pratik and Singh, Pravendra and Parida, Kranti Kumar and Namboodiri, Vinay P.",2021,10.1109/WACV48630.2021.00313,mazumder2021avgzslnet,"old bib, verified against primary metadata",4,ref-02-crossref.json; ref-02-cvf.html,"Exact DOI metadata: title, authors and publication identity inspected.; Same title/authors/year; Word pagination independently confirmed.",identity_verified,2,source/sections/01-introduction.tex,9,True,,https://api.crossref.org/works/10.1109%2FWACV48630.2021.00313; https://openaccess.thecvf.com/content/WACV2021/html/Mazumder_AVGZSLNet_Audio-Visual_Generalized_Zero-Shot_Learning_by_Reconstructing_Label_Features_From_WACV_2021_paper.html,2026-09-23,C:\Users\admin\Documents\GitHub\WH\论文方案\SGTG_English_Translation.docx,C:\Users\admin\Documents\GitHub\WH\论文方案\KA_GZSL_TMM\sec\references.bib,"MAZUMDER P, SINGH P, PARIDA K K, et al. AVGZSLNet: audio-visual generalized zero-shot learning by reconstructing label features from multi-modal embeddings In: Proceedings of the IEEE/CVF Winter Conference on Applications of Computer Vision (WACV). 2021: 3090-3099."
C003,[3],3,word/document.xml / body-4,1 Introduction,paragraph,"Audio-visual generalized zero-shot learning (AVGZSL) jointly exploits the visual and audio streams of a video and establishes associations between audio-visual representations and textual class semantics. The goal is to recognize unseen classes that are absent from training while retaining the ability to distinguish seen classes. Representative methods, including CJME [1], AVGZSLNet [2], AVCA [3], and ClipClap-GZSL [4], have attracted considerable attention in multimodal video understanding and demonstrated promising potential for unseen-class classification.",Audio-Visual Generalised Zero-Shot Learning With Cross-Modal Attention and Language,"Mercea, Otniel-Bogdan and Riesch, Lukas and Koepke, A. Sophia and Akata, Zeynep",2022,10.1109/CVPR52688.2022.01030,mercea2022avca,"old bib, verified against primary metadata",1,ref-03-crossref.json; ref-03-cvf.html,"Exact DOI metadata: title, authors and publication identity inspected.; Same title/authors/year; Word pagination independently confirmed.",identity_verified,3,source/sections/01-introduction.tex,9,True,,https://api.crossref.org/works/10.1109%2FCVPR52688.2022.01030; https://openaccess.thecvf.com/content/CVPR2022/html/Mercea_Audio-Visual_Generalised_Zero-Shot_Learning_With_Cross-Modal_Attention_and_Language_CVPR_2022_paper.html,2026-09-23,C:\Users\admin\Documents\GitHub\WH\论文方案\SGTG_English_Translation.docx,C:\Users\admin\Documents\GitHub\WH\论文方案\KA_GZSL_TMM\sec\references.bib,"MERCEA O B, RIESCH L, KOEPKE A S, et al. Audio-visual generalised zero-shot learning with cross-modal attention and language In: Proceedings of the IEEE/CVF Conference on Computer Vision and Pattern Recognition (CVPR). 2022: 10553-10563."
C004,[4],4,word/document.xml / body-4,1 Introduction,paragraph,"Audio-visual generalized zero-shot learning (AVGZSL) jointly exploits the visual and audio streams of a video and establishes associations between audio-visual representations and textual class semantics. The goal is to recognize unseen classes that are absent from training while retaining the ability to distinguish seen classes. Representative methods, including CJME [1], AVGZSLNet [2], AVCA [3], and ClipClap-GZSL [4], have attracted considerable attention in multimodal video understanding and demonstrated promising potential for unseen-class classification.",Audio-Visual Generalized Zero-Shot Learning using Pre-Trained Large Multi-Modal Models,"Kurzend\""{o}rfer, David and Mercea, Otniel-Bogdan and Koepke, A. Sophia and Akata, Zeynep",2024,10.1109/CVPRW63382.2024.00269,kurzendorfer2024clipclap,"old bib, verified against primary metadata",2,ref-04-crossref.json,"Exact DOI metadata: title, authors and publication identity inspected.",identity_verified,4,source/sections/01-introduction.tex,9,True,,https://api.crossref.org/works/10.1109%2FCVPRW63382.2024.00269,2026-09-23,C:\Users\admin\Documents\GitHub\WH\论文方案\SGTG_English_Translation.docx,C:\Users\admin\Documents\GitHub\WH\论文方案\KA_GZSL_TMM\sec\references.bib,"KURZENDÖRFER D, MERCEA O B, KOEPKE A S, et al. Audio-visual generalized zero-shot learning using pre-trained large multi-modal models In: Proceedings of the IEEE/CVF Conference on Computer Vision and Pattern Recognition Workshops (CVPRW). 2024: 2627-2638."
C005,[5],5,word/document.xml / body-5,1 Introduction,paragraph,"Most existing methods follow an “encode first, match later” paradigm. They first extract visual and audio features using pre-trained models, encode these features into class-agnostic global representations with temporal Transformers (Fig. 1(a)) [5] or cross-attention mechanisms (Fig. 1(b)) [3], and finally align the resulting representations with class label embeddings in a joint embedding space. However, this paradigm has three limitations. First, class semantics participate only in the final matching stage. Critical actions and sounds often occupy only a small portion of a long video, whereas class-irrelevant backgrounds, silence, and redundant movements dilute the discriminative evidence during uniform pooling. Second, although class label embeddings encode semantic relationships, they are not optimized for the target classification task. Closely situated class embeddings of similar classes consequently produce ambiguous decision boundaries. Third, audio and visual features are often concatenated directly or combined using a fixed fusion scheme. When the modalities are weakly correlated or one is noisy, irrelevant information can interfere across modalities and induce modality bias toward seen classes.",Temporal and Cross-modal Attention for Audio-Visual Zero-Shot Learning,"Mercea, Otniel-Bogdan and Hummel, Thomas and Koepke, A. Sophia and Akata, Zeynep",2022,10.1007/978-3-031-20044-1_28,mercea2022tcaf,"old bib, verified against primary metadata",5,ref-05-crossref.json,"Exact DOI metadata: title, authors and publication identity inspected.",identity_verified,5,source/sections/01-introduction.tex,12,True,,https://api.crossref.org/works/10.1007%2F978-3-031-20044-1_28,2026-09-23,C:\Users\admin\Documents\GitHub\WH\论文方案\SGTG_English_Translation.docx,C:\Users\admin\Documents\GitHub\WH\论文方案\KA_GZSL_TMM\sec\references.bib,"MERCEA O B, HUMMEL T, KOEPKE A S, et al. Temporal and cross-modal attention for audio-visual zero-shot learning In: Proceedings of the European Conference on Computer Vision (ECCV). 2022: 488-505."
C006,[3],3,word/document.xml / body-5,1 Introduction,paragraph,"Most existing methods follow an “encode first, match later” paradigm. They first extract visual and audio features using pre-trained models, encode these features into class-agnostic global representations with temporal Transformers (Fig. 1(a)) [5] or cross-attention mechanisms (Fig. 1(b)) [3], and finally align the resulting representations with class label embeddings in a joint embedding space. However, this paradigm has three limitations. First, class semantics participate only in the final matching stage. Critical actions and sounds often occupy only a small portion of a long video, whereas class-irrelevant backgrounds, silence, and redundant movements dilute the discriminative evidence during uniform pooling. Second, although class label embeddings encode semantic relationships, they are not optimized for the target classification task. Closely situated class embeddings of similar classes consequently produce ambiguous decision boundaries. Third, audio and visual features are often concatenated directly or combined using a fixed fusion scheme. When the modalities are weakly correlated or one is noisy, irrelevant information can interfere across modalities and induce modality bias toward seen classes.",Audio-Visual Generalised Zero-Shot Learning With Cross-Modal Attention and Language,"Mercea, Otniel-Bogdan and Riesch, Lukas and Koepke, A. Sophia and Akata, Zeynep",2022,10.1109/CVPR52688.2022.01030,mercea2022avca,"old bib, verified against primary metadata",1,ref-03-crossref.json; ref-03-cvf.html,"Exact DOI metadata: title, authors and publication identity inspected.; Same title/authors/year; Word pagination independently confirmed.",identity_verified,3,source/sections/01-introduction.tex,12,True,,https://api.crossref.org/works/10.1109%2FCVPR52688.2022.01030; https://openaccess.thecvf.com/content/CVPR2022/html/Mercea_Audio-Visual_Generalised_Zero-Shot_Learning_With_Cross-Modal_Attention_and_Language_CVPR_2022_paper.html,2026-09-23,C:\Users\admin\Documents\GitHub\WH\论文方案\SGTG_English_Translation.docx,C:\Users\admin\Documents\GitHub\WH\论文方案\KA_GZSL_TMM\sec\references.bib,"MERCEA O B, RIESCH L, KOEPKE A S, et al. Audio-visual generalised zero-shot learning with cross-modal attention and language In: Proceedings of the IEEE/CVF Conference on Computer Vision and Pattern Recognition (CVPR). 2022: 10553-10563."
C007,[1],1,word/document.xml / body-16,2.1 Audio-Visual Generalized Zero-Shot Learning,paragraph,"The central objective of AVGZSL is to transfer audio-visual knowledge from seen to unseen classes through class semantics. To bridge the modality gap between audio-visual observations and text, Parida et al. [1] construct a shared embedding space in CJME, while Mazumder et al. [2] introduce label-feature reconstruction in AVGZSLNet. These approaches strengthen cross-modal correspondence through geometric alignment and semantic preservation, respectively. To address the limited information in class names and the restricted expressiveness of feature representations, Chen et al. [6] generate fine-grained descriptions using large language models and adjust training margins according to semantic similarity. Kurzendörfer et al. [4] combine pre-trained CLIP and CLAP features with two class label embeddings to improve alignment between audio-visual and textual representations. In addition to richer semantic content, class separability also affects recognition. Mo and Morgado [7] jointly optimize class separability and semantic preservation in EZ-AVGZL and use the optimized class embeddings to query audio-visual features and compute non-linear similarity scores.",Coordinated Joint Multimodal Embeddings for Generalized Audio-Visual Zero-shot Classification and Retrieval of Videos,"Parida, Kranti Kumar and Matiyali, Neeraj and Guha, Tanaya and Sharma, Gaurav",2020,10.1109/WACV45572.2020.9093438,parida2020cjme,"old bib, verified against primary metadata",3,ref-01-crossref.json; ref-01-cvf.html,"Exact DOI metadata: title, authors and publication identity inspected.; Same title/authors/year; Word pagination independently confirmed.",identity_verified,1,source/sections/02-related-work.tex,10,True,,https://api.crossref.org/works/10.1109%2FWACV45572.2020.9093438; https://openaccess.thecvf.com/content_WACV_2020/html/Parida_Coordinated_Joint_Multimodal_Embeddings_for_Generalized_Audio-Visual_Zero-shot_Classification_and_WACV_2020_paper.html,2026-09-23,C:\Users\admin\Documents\GitHub\WH\论文方案\SGTG_English_Translation.docx,C:\Users\admin\Documents\GitHub\WH\论文方案\KA_GZSL_TMM\sec\references.bib,"PARIDA K K, MATIYALI N, GUHA T, et al. Coordinated joint multimodal embeddings for generalized audio-visual zero-shot classification and retrieval of videos In: Proceedings of the IEEE/CVF Winter Conference on Applications of Computer Vision (WACV). 2020: 3251-3260."
C008,[2],2,word/document.xml / body-16,2.1 Audio-Visual Generalized Zero-Shot Learning,paragraph,"The central objective of AVGZSL is to transfer audio-visual knowledge from seen to unseen classes through class semantics. To bridge the modality gap between audio-visual observations and text, Parida et al. [1] construct a shared embedding space in CJME, while Mazumder et al. [2] introduce label-feature reconstruction in AVGZSLNet. These approaches strengthen cross-modal correspondence through geometric alignment and semantic preservation, respectively. To address the limited information in class names and the restricted expressiveness of feature representations, Chen et al. [6] generate fine-grained descriptions using large language models and adjust training margins according to semantic similarity. Kurzendörfer et al. [4] combine pre-trained CLIP and CLAP features with two class label embeddings to improve alignment between audio-visual and textual representations. In addition to richer semantic content, class separability also affects recognition. Mo and Morgado [7] jointly optimize class separability and semantic preservation in EZ-AVGZL and use the optimized class embeddings to query audio-visual features and compute non-linear similarity scores.",AVGZSLNet: Audio-Visual Generalized Zero-Shot Learning by Reconstructing Label Features From Multi-Modal Embeddings,"Mazumder, Pratik and Singh, Pravendra and Parida, Kranti Kumar and Namboodiri, Vinay P.",2021,10.1109/WACV48630.2021.00313,mazumder2021avgzslnet,"old bib, verified against primary metadata",4,ref-02-crossref.json; ref-02-cvf.html,"Exact DOI metadata: title, authors and publication identity inspected.; Same title/authors/year; Word pagination independently confirmed.",identity_verified,2,source/sections/02-related-work.tex,10,True,,https://api.crossref.org/works/10.1109%2FWACV48630.2021.00313; https://openaccess.thecvf.com/content/WACV2021/html/Mazumder_AVGZSLNet_Audio-Visual_Generalized_Zero-Shot_Learning_by_Reconstructing_Label_Features_From_WACV_2021_paper.html,2026-09-23,C:\Users\admin\Documents\GitHub\WH\论文方案\SGTG_English_Translation.docx,C:\Users\admin\Documents\GitHub\WH\论文方案\KA_GZSL_TMM\sec\references.bib,"MAZUMDER P, SINGH P, PARIDA K K, et al. AVGZSLNet: audio-visual generalized zero-shot learning by reconstructing label features from multi-modal embeddings In: Proceedings of the IEEE/CVF Winter Conference on Applications of Computer Vision (WACV). 2021: 3090-3099."
C009,[6],6,word/document.xml / body-16,2.1 Audio-Visual Generalized Zero-Shot Learning,paragraph,"The central objective of AVGZSL is to transfer audio-visual knowledge from seen to unseen classes through class semantics. To bridge the modality gap between audio-visual observations and text, Parida et al. [1] construct a shared embedding space in CJME, while Mazumder et al. [2] introduce label-feature reconstruction in AVGZSLNet. These approaches strengthen cross-modal correspondence through geometric alignment and semantic preservation, respectively. To address the limited information in class names and the restricted expressiveness of feature representations, Chen et al. [6] generate fine-grained descriptions using large language models and adjust training margins according to semantic similarity. Kurzendörfer et al. [4] combine pre-trained CLIP and CLAP features with two class label embeddings to improve alignment between audio-visual and textual representations. In addition to richer semantic content, class separability also affects recognition. Mo and Morgado [7] jointly optimize class separability and semantic preservation in EZ-AVGZL and use the optimized class embeddings to query audio-visual features and compute non-linear similarity scores.",Boosting Audio-visual Zero-shot Learning with Large Language Models,"Chen, Haoxing and Li, Yaohui and Hong, Yan and Huang, Zizheng and Xu, Zhuoer and Gu, Zhangxuan and Lan, Jun and Zhu, Huijia and Wang, Weiqiang",2023,10.48550/arXiv.2311.12268,chen2023kda,"old bib, verified against primary metadata",9,ref-06-arxiv.html,"Full authors, original date, v2 date and arXiv identity.",identity_verified,6,source/sections/02-related-work.tex,10,True,,https://arxiv.org/abs/2311.12268v2,2026-09-23,C:\Users\admin\Documents\GitHub\WH\论文方案\SGTG_English_Translation.docx,C:\Users\admin\Documents\GitHub\WH\论文方案\KA_GZSL_TMM\sec\references.bib,"CHEN H, LI Y, HONG Y, et al. Boosting audio-visual zero-shot learning with large language models. arXiv:2311.12268, 2023 (v2, 2024). DOI: 10.48550/arXiv.2311.12268."
C010,[4],4,word/document.xml / body-16,2.1 Audio-Visual Generalized Zero-Shot Learning,paragraph,"The central objective of AVGZSL is to transfer audio-visual knowledge from seen to unseen classes through class semantics. To bridge the modality gap between audio-visual observations and text, Parida et al. [1] construct a shared embedding space in CJME, while Mazumder et al. [2] introduce label-feature reconstruction in AVGZSLNet. These approaches strengthen cross-modal correspondence through geometric alignment and semantic preservation, respectively. To address the limited information in class names and the restricted expressiveness of feature representations, Chen et al. [6] generate fine-grained descriptions using large language models and adjust training margins according to semantic similarity. Kurzendörfer et al. [4] combine pre-trained CLIP and CLAP features with two class label embeddings to improve alignment between audio-visual and textual representations. In addition to richer semantic content, class separability also affects recognition. Mo and Morgado [7] jointly optimize class separability and semantic preservation in EZ-AVGZL and use the optimized class embeddings to query audio-visual features and compute non-linear similarity scores.",Audio-Visual Generalized Zero-Shot Learning using Pre-Trained Large Multi-Modal Models,"Kurzend\""{o}rfer, David and Mercea, Otniel-Bogdan and Koepke, A. Sophia and Akata, Zeynep",2024,10.1109/CVPRW63382.2024.00269,kurzendorfer2024clipclap,"old bib, verified against primary metadata",2,ref-04-crossref.json,"Exact DOI metadata: title, authors and publication identity inspected.",identity_verified,4,source/sections/02-related-work.tex,10,True,,https://api.crossref.org/works/10.1109%2FCVPRW63382.2024.00269,2026-09-23,C:\Users\admin\Documents\GitHub\WH\论文方案\SGTG_English_Translation.docx,C:\Users\admin\Documents\GitHub\WH\论文方案\KA_GZSL_TMM\sec\references.bib,"KURZENDÖRFER D, MERCEA O B, KOEPKE A S, et al. Audio-visual generalized zero-shot learning using pre-trained large multi-modal models In: Proceedings of the IEEE/CVF Conference on Computer Vision and Pattern Recognition Workshops (CVPRW). 2024: 2627-2638."
C011,[7],7,word/document.xml / body-16,2.1 Audio-Visual Generalized Zero-Shot Learning,paragraph,"The central objective of AVGZSL is to transfer audio-visual knowledge from seen to unseen classes through class semantics. To bridge the modality gap between audio-visual observations and text, Parida et al. [1] construct a shared embedding space in CJME, while Mazumder et al. [2] introduce label-feature reconstruction in AVGZSLNet. These approaches strengthen cross-modal correspondence through geometric alignment and semantic preservation, respectively. To address the limited information in class names and the restricted expressiveness of feature representations, Chen et al. [6] generate fine-grained descriptions using large language models and adjust training margins according to semantic similarity. Kurzendörfer et al. [4] combine pre-trained CLIP and CLAP features with two class label embeddings to improve alignment between audio-visual and textual representations. In addition to richer semantic content, class separability also affects recognition. Mo and Morgado [7] jointly optimize class separability and semantic preservation in EZ-AVGZL and use the optimized class embeddings to query audio-visual features and compute non-linear similarity scores.",Audio-Visual Generalized Zero-Shot Learning the Easy Way,"Mo, Shentong and Morgado, Pedro",2024,10.1007/978-3-031-73209-6_22,mo2024easy,"old bib, verified against primary metadata",12,ref-07-crossref.json; springer-year-evidence.md,"Exact DOI metadata: title, authors and publication identity inspected.; Official Springer page read via web; first-online 2024 versus Cite-as 2025.",identity_verified_year_convention_pending,7,source/sections/02-related-work.tex,10,True,YEAR-CONVENTION-07: Word and Crossref use 2024; Springer first-online date is 2024-11-01 but its Cite-as block uses 2025. Keep 2024 pending author confirmation.,https://api.crossref.org/works/10.1007%2F978-3-031-73209-6_22; https://link.springer.com/chapter/10.1007/978-3-031-73209-6_22,2026-09-23,C:\Users\admin\Documents\GitHub\WH\论文方案\SGTG_English_Translation.docx,C:\Users\admin\Documents\GitHub\WH\论文方案\KA_GZSL_TMM\sec\references.bib,"MO S, MORGADO P. Audio-visual generalized zero-shot learning the easy way In: Proceedings of the European Conference on Computer Vision (ECCV). 2024: 377-395. DOI: 10.1007/978-3-031-73209-6_22."
C012,[3],3,word/document.xml / body-19,2.2 Audio-Visual Cross-Modal Interaction and Fusion,paragraph,"Audio-visual fusion must balance modality complementarity against the propagation of irrelevant information. To explicitly model cross-modal correspondence, Mercea et al. [3] exchange audio-visual information through cross-modal attention in AVCA. In more general multimodal sequence learning, Tsai et al. [8] use directional cross-attention to capture dependencies between unaligned sequences. Although these methods promote information exchange, interaction alone does not establish the reliability of the exchanged information. To enable selective interaction, Nagrani et al. [9] constrain cross-modal information flow through a small number of bottleneck tokens, while Lin et al. [10] use Intra-modal Masked Attention (IntraMA) and Inter-modal Masked Attention (InterMA), followed by a dynamic gate mechanism, for multimodal sentiment analysis. Further, Ma et al. [11] introduce text-conditioned semantic gating in FAMAV to select semantically relevant audio-visual channels.",Audio-Visual Generalised Zero-Shot Learning With Cross-Modal Attention and Language,"Mercea, Otniel-Bogdan and Riesch, Lukas and Koepke, A. Sophia and Akata, Zeynep",2022,10.1109/CVPR52688.2022.01030,mercea2022avca,"old bib, verified against primary metadata",1,ref-03-crossref.json; ref-03-cvf.html,"Exact DOI metadata: title, authors and publication identity inspected.; Same title/authors/year; Word pagination independently confirmed.",identity_verified,3,source/sections/02-related-work.tex,19,True,,https://api.crossref.org/works/10.1109%2FCVPR52688.2022.01030; https://openaccess.thecvf.com/content/CVPR2022/html/Mercea_Audio-Visual_Generalised_Zero-Shot_Learning_With_Cross-Modal_Attention_and_Language_CVPR_2022_paper.html,2026-09-23,C:\Users\admin\Documents\GitHub\WH\论文方案\SGTG_English_Translation.docx,C:\Users\admin\Documents\GitHub\WH\论文方案\KA_GZSL_TMM\sec\references.bib,"MERCEA O B, RIESCH L, KOEPKE A S, et al. Audio-visual generalised zero-shot learning with cross-modal attention and language In: Proceedings of the IEEE/CVF Conference on Computer Vision and Pattern Recognition (CVPR). 2022: 10553-10563."
C013,[8],8,word/document.xml / body-19,2.2 Audio-Visual Cross-Modal Interaction and Fusion,paragraph,"Audio-visual fusion must balance modality complementarity against the propagation of irrelevant information. To explicitly model cross-modal correspondence, Mercea et al. [3] exchange audio-visual information through cross-modal attention in AVCA. In more general multimodal sequence learning, Tsai et al. [8] use directional cross-attention to capture dependencies between unaligned sequences. Although these methods promote information exchange, interaction alone does not establish the reliability of the exchanged information. To enable selective interaction, Nagrani et al. [9] constrain cross-modal information flow through a small number of bottleneck tokens, while Lin et al. [10] use Intra-modal Masked Attention (IntraMA) and Inter-modal Masked Attention (InterMA), followed by a dynamic gate mechanism, for multimodal sentiment analysis. Further, Ma et al. [11] introduce text-conditioned semantic gating in FAMAV to select semantically relevant audio-visual channels.",Multimodal Transformer for Unaligned Multimodal Language Sequences,"Tsai, Yao-Hung Hubert and Bai, Shaojie and Liang, Paul Pu and Kolter, J. Zico and Morency, Louis-Philippe and Salakhutdinov, Ruslan",2019,10.18653/v1/p19-1656,tsai2019mult,Word plus primary metadata,,ref-08-crossref.json,"Exact DOI metadata: title, authors and publication identity inspected.",identity_verified,8,source/sections/02-related-work.tex,19,True,,https://api.crossref.org/works/10.18653%2Fv1%2FP19-1656,2026-09-23,C:\Users\admin\Documents\GitHub\WH\论文方案\SGTG_English_Translation.docx,,"TSAI Y H H, BAI S, LIANG P P, et al. Multimodal transformer for unaligned multimodal language sequences In: Proceedings of the 57th Annual Meeting of the Association for Computational Linguistics (ACL). 2019: 6558-6569. DOI: 10.18653/v1/P19-1656."
C014,[9],9,word/document.xml / body-19,2.2 Audio-Visual Cross-Modal Interaction and Fusion,paragraph,"Audio-visual fusion must balance modality complementarity against the propagation of irrelevant information. To explicitly model cross-modal correspondence, Mercea et al. [3] exchange audio-visual information through cross-modal attention in AVCA. In more general multimodal sequence learning, Tsai et al. [8] use directional cross-attention to capture dependencies between unaligned sequences. Although these methods promote information exchange, interaction alone does not establish the reliability of the exchanged information. To enable selective interaction, Nagrani et al. [9] constrain cross-modal information flow through a small number of bottleneck tokens, while Lin et al. [10] use Intra-modal Masked Attention (IntraMA) and Inter-modal Masked Attention (InterMA), followed by a dynamic gate mechanism, for multimodal sentiment analysis. Further, Ma et al. [11] introduce text-conditioned semantic gating in FAMAV to select semantically relevant audio-visual channels.",Attention Bottlenecks for Multimodal Fusion,"Nagrani, Arsha and Yang, Shan and Arnab, Anurag and Jansen, Aren and Schmid, Cordelia and Sun, Chen",2021,,nagrani2021bottlenecks,Word plus primary metadata,,ref-09-neurips.bib,"Exact title, authors, year and proceedings entry.",identity_verified,9,source/sections/02-related-work.tex,19,True,,https://proceedings.neurips.cc/paper_files/paper/2021/file/76ba9f564ebbc35b1014ac498fafadd0-Bibtex.bib,2026-09-23,C:\Users\admin\Documents\GitHub\WH\论文方案\SGTG_English_Translation.docx,,"NAGRANI A, YANG S, ARNAB A, et al. Attention bottlenecks for multimodal fusion In: Advances in Neural Information Processing Systems (NeurIPS). 2021, 34: 14200-14213."
C015,[10],10,word/document.xml / body-19,2.2 Audio-Visual Cross-Modal Interaction and Fusion,paragraph,"Audio-visual fusion must balance modality complementarity against the propagation of irrelevant information. To explicitly model cross-modal correspondence, Mercea et al. [3] exchange audio-visual information through cross-modal attention in AVCA. In more general multimodal sequence learning, Tsai et al. [8] use directional cross-attention to capture dependencies between unaligned sequences. Although these methods promote information exchange, interaction alone does not establish the reliability of the exchanged information. To enable selective interaction, Nagrani et al. [9] constrain cross-modal information flow through a small number of bottleneck tokens, while Lin et al. [10] use Intra-modal Masked Attention (IntraMA) and Inter-modal Masked Attention (InterMA), followed by a dynamic gate mechanism, for multimodal sentiment analysis. Further, Ma et al. [11] introduce text-conditioned semantic gating in FAMAV to select semantically relevant audio-visual channels.",Semi-IIN: Semi-Supervised Intra-Inter Modal Interaction Learning Network for Multimodal Sentiment Analysis,"Lin, Jinhao and Wang, Yifei and Xu, Yanwu and Liu, Qi",2025,10.1609/aaai.v39i2.32131,lin2025semiinn,Word plus primary metadata,,ref-10-crossref.json,"Exact DOI metadata: title, authors and publication identity inspected.",identity_verified,10,source/sections/02-related-work.tex,19,True,,https://api.crossref.org/works/10.1609%2Faaai.v39i2.32131,2026-09-23,C:\Users\admin\Documents\GitHub\WH\论文方案\SGTG_English_Translation.docx,,"LIN J, WANG Y, XU Y, et al. Semi-IIN: semi-supervised intra-inter modal interaction learning network for multimodal sentiment analysis In: Proceedings of the AAAI Conference on Artificial Intelligence (AAAI). 2025, 39(2): 1411-1419. DOI: 10.1609/aaai.v39i2.32131."
C016,[11],11,word/document.xml / body-19,2.2 Audio-Visual Cross-Modal Interaction and Fusion,paragraph,"Audio-visual fusion must balance modality complementarity against the propagation of irrelevant information. To explicitly model cross-modal correspondence, Mercea et al. [3] exchange audio-visual information through cross-modal attention in AVCA. In more general multimodal sequence learning, Tsai et al. [8] use directional cross-attention to capture dependencies between unaligned sequences. Although these methods promote information exchange, interaction alone does not establish the reliability of the exchanged information. To enable selective interaction, Nagrani et al. [9] constrain cross-modal information flow through a small number of bottleneck tokens, while Lin et al. [10] use Intra-modal Masked Attention (IntraMA) and Inter-modal Masked Attention (InterMA), followed by a dynamic gate mechanism, for multimodal sentiment analysis. Further, Ma et al. [11] introduce text-conditioned semantic gating in FAMAV to select semantically relevant audio-visual channels.",Fusion-regularized alignment modality-adaptive audio-visual network for audio-visual zero-shot learning,"Ma, Siteng and Niu, Xiaoyu and Tang, Haocheng and Yang, Zhe and Chu, Jisheng and Li, Wenrui",2026,10.1016/j.neucom.2026.133693,ma2026famav,Word plus primary metadata,,ref-11-crossref.json,"Exact DOI metadata: title, authors and publication identity inspected.",identity_verified,11,source/sections/02-related-work.tex,19,True,,https://api.crossref.org/works/10.1016%2Fj.neucom.2026.133693,2026-09-23,C:\Users\admin\Documents\GitHub\WH\论文方案\SGTG_English_Translation.docx,,"MA S, NIU X, TANG H, et al. Fusion-regularized alignment modality-adaptive audio-visual network for audio-visual zero-shot learning. Neurocomputing, 2026, 685: 133693. DOI: 10.1016/j.neucom.2026.133693."
C017,[5],5,word/document.xml / body-22,2.3 Temporal Modeling and Grounding,paragraph,"Temporal modeling requires not only capturing dependencies between segments but also identifying which segments support the current semantic target. To overcome the inability of temporally averaged representations to exploit dynamic structure, Mercea et al. [5] model temporal and cross-modal relationships in TCaF. To suppress redundant segments, Li et al. use question-related cues in PSTP-Net [12] and TSPM [13] to select key segments and focus computation on more discriminative content. To explicitly represent continuous weights over target-relevant segments, Xiao et al. [14] employ Gaussian masks for soft temporal grounding in visually grounded video question answering. Kim et al. [15] further propose QA-TIGER, which uses question-aware fusion and temporal integration of Gaussian experts to independently weight and aggregate question-relevant audio and visual segments. Compared with discrete selection, these methods express the locality of evidence through parameterized temporal weights and allow multiple segments to jointly support a prediction.",Temporal and Cross-modal Attention for Audio-Visual Zero-Shot Learning,"Mercea, Otniel-Bogdan and Hummel, Thomas and Koepke, A. Sophia and Akata, Zeynep",2022,10.1007/978-3-031-20044-1_28,mercea2022tcaf,"old bib, verified against primary metadata",5,ref-05-crossref.json,"Exact DOI metadata: title, authors and publication identity inspected.",identity_verified,5,source/sections/02-related-work.tex,28,True,,https://api.crossref.org/works/10.1007%2F978-3-031-20044-1_28,2026-09-23,C:\Users\admin\Documents\GitHub\WH\论文方案\SGTG_English_Translation.docx,C:\Users\admin\Documents\GitHub\WH\论文方案\KA_GZSL_TMM\sec\references.bib,"MERCEA O B, HUMMEL T, KOEPKE A S, et al. Temporal and cross-modal attention for audio-visual zero-shot learning In: Proceedings of the European Conference on Computer Vision (ECCV). 2022: 488-505."
C018,[12],12,word/document.xml / body-22,2.3 Temporal Modeling and Grounding,paragraph,"Temporal modeling requires not only capturing dependencies between segments but also identifying which segments support the current semantic target. To overcome the inability of temporally averaged representations to exploit dynamic structure, Mercea et al. [5] model temporal and cross-modal relationships in TCaF. To suppress redundant segments, Li et al. use question-related cues in PSTP-Net [12] and TSPM [13] to select key segments and focus computation on more discriminative content. To explicitly represent continuous weights over target-relevant segments, Xiao et al. [14] employ Gaussian masks for soft temporal grounding in visually grounded video question answering. Kim et al. [15] further propose QA-TIGER, which uses question-aware fusion and temporal integration of Gaussian experts to independently weight and aggregate question-relevant audio and visual segments. Compared with discrete selection, these methods express the locality of evidence through parameterized temporal weights and allow multiple segments to jointly support a prediction.",Progressive Spatio-temporal Perception for Audio-Visual Question Answering,"Li, Guangyao and Hou, Wenxuan and Hu, Di",2023,10.1145/3581783.3612293,li2023pstp,Word plus primary metadata,,ref-12-crossref.json,"Exact DOI metadata: title, authors and publication identity inspected.",identity_verified,12,source/sections/02-related-work.tex,28,True,,https://api.crossref.org/works/10.1145%2F3581783.3612293,2026-09-23,C:\Users\admin\Documents\GitHub\WH\论文方案\SGTG_English_Translation.docx,,"LI G, HOU W, HU D. Progressive spatio-temporal perception for audio-visual question answering In: Proceedings of the 31st ACM International Conference on Multimedia (ACM MM). 2023: 7808-7816. DOI: 10.1145/3581783.3612293."
C019,[13],13,word/document.xml / body-22,2.3 Temporal Modeling and Grounding,paragraph,"Temporal modeling requires not only capturing dependencies between segments but also identifying which segments support the current semantic target. To overcome the inability of temporally averaged representations to exploit dynamic structure, Mercea et al. [5] model temporal and cross-modal relationships in TCaF. To suppress redundant segments, Li et al. use question-related cues in PSTP-Net [12] and TSPM [13] to select key segments and focus computation on more discriminative content. To explicitly represent continuous weights over target-relevant segments, Xiao et al. [14] employ Gaussian masks for soft temporal grounding in visually grounded video question answering. Kim et al. [15] further propose QA-TIGER, which uses question-aware fusion and temporal integration of Gaussian experts to independently weight and aggregate question-relevant audio and visual segments. Compared with discrete selection, these methods express the locality of evidence through parameterized temporal weights and allow multiple segments to jointly support a prediction.",Boosting Audio Visual Question Answering via Key Semantic-Aware Cues,"Li, Guangyao and Du, Henghui and Hu, Di",2024,10.1145/3664647.3680803,li2024tspm,Word plus primary metadata,,ref-13-crossref.json,"Exact DOI metadata: title, authors and publication identity inspected.",identity_verified,13,source/sections/02-related-work.tex,28,True,,https://api.crossref.org/works/10.1145%2F3664647.3680803,2026-09-23,C:\Users\admin\Documents\GitHub\WH\论文方案\SGTG_English_Translation.docx,,"LI G, DU H, HU D. Boosting audio visual question answering via key semantic-aware cues In: Proceedings of the 32nd ACM International Conference on Multimedia (ACM MM). 2024: 5997-6005. DOI: 10.1145/3664647.3680803."
C020,[14],14,word/document.xml / body-22,2.3 Temporal Modeling and Grounding,paragraph,"Temporal modeling requires not only capturing dependencies between segments but also identifying which segments support the current semantic target. To overcome the inability of temporally averaged representations to exploit dynamic structure, Mercea et al. [5] model temporal and cross-modal relationships in TCaF. To suppress redundant segments, Li et al. use question-related cues in PSTP-Net [12] and TSPM [13] to select key segments and focus computation on more discriminative content. To explicitly represent continuous weights over target-relevant segments, Xiao et al. [14] employ Gaussian masks for soft temporal grounding in visually grounded video question answering. Kim et al. [15] further propose QA-TIGER, which uses question-aware fusion and temporal integration of Gaussian experts to independently weight and aggregate question-relevant audio and visual segments. Compared with discrete selection, these methods express the locality of evidence through parameterized temporal weights and allow multiple segments to jointly support a prediction.",Can I Trust Your Answer? Visually Grounded Video Question Answering,"Xiao, Junbin and Yao, Angela and Li, Yicong and Chua, Tat-Seng",2024,10.1109/cvpr52733.2024.01254,xiao2024trust,Word plus primary metadata,,ref-14-crossref.json; ref-14-cvf.html,"Exact DOI metadata: title, authors and publication identity inspected.; Same title/authors/year; Word pagination independently confirmed.",identity_verified,14,source/sections/02-related-work.tex,28,True,,https://api.crossref.org/works/10.1109%2Fcvpr52733.2024.01254; https://openaccess.thecvf.com/content/CVPR2024/html/Xiao_Can_I_Trust_Your_Answer_Visually_Grounded_Video_Question_Answering_CVPR_2024_paper.html,2026-09-23,C:\Users\admin\Documents\GitHub\WH\论文方案\SGTG_English_Translation.docx,,"XIAO J, YAO A, LI Y, et al. Can I trust your answer? Visually grounded video question answering In: Proceedings of the IEEE/CVF Conference on Computer Vision and Pattern Recognition (CVPR). 2024: 13204-13214."
C021,[15],15,word/document.xml / body-22,2.3 Temporal Modeling and Grounding,paragraph,"Temporal modeling requires not only capturing dependencies between segments but also identifying which segments support the current semantic target. To overcome the inability of temporally averaged representations to exploit dynamic structure, Mercea et al. [5] model temporal and cross-modal relationships in TCaF. To suppress redundant segments, Li et al. use question-related cues in PSTP-Net [12] and TSPM [13] to select key segments and focus computation on more discriminative content. To explicitly represent continuous weights over target-relevant segments, Xiao et al. [14] employ Gaussian masks for soft temporal grounding in visually grounded video question answering. Kim et al. [15] further propose QA-TIGER, which uses question-aware fusion and temporal integration of Gaussian experts to independently weight and aggregate question-relevant audio and visual segments. Compared with discrete selection, these methods express the locality of evidence through parameterized temporal weights and allow multiple segments to jointly support a prediction.",Question-Aware Gaussian Experts for Audio-Visual Question Answering,"Kim, Hongyeob and Jung, Inyoung and Suh, Dayoon and Zhang, Youjia and Lee, Sangmin and Hong, Sungeun",2025,10.1109/cvpr52734.2025.01277,kim2025qatiger,Word plus primary metadata,,ref-15-crossref.json; ref-15-cvf.html,"Exact DOI metadata: title, authors and publication identity inspected.; Same title/authors/year; Word pagination independently confirmed.",identity_verified,15,source/sections/02-related-work.tex,28,True,,https://api.crossref.org/works/10.1109%2Fcvpr52734.2025.01277; https://openaccess.thecvf.com/content/CVPR2025/html/Kim_Question-Aware_Gaussian_Experts_for_Audio-Visual_Question_Answering_CVPR_2025_paper.html,2026-09-23,C:\Users\admin\Documents\GitHub\WH\论文方案\SGTG_English_Translation.docx,,"KIM H, JUNG I, SUH D, et al. Question-aware Gaussian experts for audio-visual question answering In: Proceedings of the IEEE/CVF Conference on Computer Vision and Pattern Recognition (CVPR). 2025: 13681-13690."
C022,[7],7,word/document.xml / body-32,3.3 Discriminative Semantic Prototype Optimization,paragraph,"Class label embeddings bridge seen and unseen classes in AVGZSL. Embeddings from pre-trained models such as CLIP and CLAP preserve useful semantic relationships. For example, “playing guitar” is closer to “playing violin” than to “dog barking” in semantic space, and such relationships underpin zero-shot transfer. However, these embeddings are not optimized for the target classification task. Class embeddings of semantically similar classes can be too close to distinguish similar actions or sounds. Conversely, maximizing class separability alone tends to push all class embeddings toward an equidistant configuration, erasing the distinction between semantically related and unrelated classes and disrupting the semantic relationships required for transfer. To resolve this conflict, we develop Discriminative Semantic Prototype Optimization (DSPO) based on class embedding optimization [7]. Starting from the original text embeddings, DSPO learns class embeddings with improved separability while retaining their semantic relationships. Specifically, it first constructs text embeddings of class descriptions and then jointly optimizes the class embeddings under two competing objectives: class separability and semantic preservation.",Audio-Visual Generalized Zero-Shot Learning the Easy Way,"Mo, Shentong and Morgado, Pedro",2024,10.1007/978-3-031-73209-6_22,mo2024easy,"old bib, verified against primary metadata",12,ref-07-crossref.json; springer-year-evidence.md,"Exact DOI metadata: title, authors and publication identity inspected.; Official Springer page read via web; first-online 2024 versus Cite-as 2025.",identity_verified_year_convention_pending,7,source/sections/03-method.tex,25,True,YEAR-CONVENTION-07: Word and Crossref use 2024; Springer first-online date is 2024-11-01 but its Cite-as block uses 2025. Keep 2024 pending author confirmation.,https://api.crossref.org/works/10.1007%2F978-3-031-73209-6_22; https://link.springer.com/chapter/10.1007/978-3-031-73209-6_22,2026-09-23,C:\Users\admin\Documents\GitHub\WH\论文方案\SGTG_English_Translation.docx,C:\Users\admin\Documents\GitHub\WH\论文方案\KA_GZSL_TMM\sec\references.bib,"MO S, MORGADO P. Audio-visual generalized zero-shot learning the easy way In: Proceedings of the European Conference on Computer Vision (ECCV). 2024: 377-395. DOI: 10.1007/978-3-031-73209-6_22."
C023,[15],15,word/document.xml / body-47,3.4 Class-Conditioned Gaussian Temporal Aggregation,paragraph,"Not every segment of a long video is relevant to its class. In a “wood thrush calling” video, for example, the critical bird call may occupy only a small portion of the audio, with environmental noise dominating the remaining duration. Likewise, the decisive action in “basketball dunk” occurs only within a short frame interval. Under the conventional class-agnostic global encoding paradigm, uniform pooling dilutes such local evidence with redundant segments. For an unseen class without training samples, class semantics are particularly important for actively searching potentially relevant temporal regions. To address this problem, we propose Class-Conditioned Gaussian Temporal Aggregation (CGTA), which uses optimized class embeddings as encoding conditions rather than only as matching references. It first injects description embeddings into the visual and audio sequences to condition their representations on the candidate class. It then generates multiple continuous Gaussian distributions to independently localize and aggregate class-relevant segments along the two modality timelines. CGTA adapts question-aware fusion and temporal integration of Gaussian experts [15] by replacing question features with description embeddings and optimized class embeddings.",Question-Aware Gaussian Experts for Audio-Visual Question Answering,"Kim, Hongyeob and Jung, Inyoung and Suh, Dayoon and Zhang, Youjia and Lee, Sangmin and Hong, Sungeun",2025,10.1109/cvpr52734.2025.01277,kim2025qatiger,Word plus primary metadata,,ref-15-crossref.json; ref-15-cvf.html,"Exact DOI metadata: title, authors and publication identity inspected.; Same title/authors/year; Word pagination independently confirmed.",identity_verified,15,source/sections/03-method.tex,70,True,,https://api.crossref.org/works/10.1109%2Fcvpr52734.2025.01277; https://openaccess.thecvf.com/content/CVPR2025/html/Kim_Question-Aware_Gaussian_Experts_for_Audio-Visual_Question_Answering_CVPR_2025_paper.html,2026-09-23,C:\Users\admin\Documents\GitHub\WH\论文方案\SGTG_English_Translation.docx,,"KIM H, JUNG I, SUH D, et al. Question-aware Gaussian experts for audio-visual question answering In: Proceedings of the IEEE/CVF Conference on Computer Vision and Pattern Recognition (CVPR). 2025: 13681-13690."
C024,[10],10,word/document.xml / body-78,3.5 Decoupled Modality Interaction and Gated Fusion,paragraph,"Audio and visual content are not always strongly correlated in real-world videos. Visual observations may contain occlusions or irrelevant actions, whereas audio may include background music and environmental noise. Modality dependence also varies across classes: instrument performances require corroboration between sound and movement, while the discriminative information for some classes comes almost entirely from one modality. If the two sequences are fused through indiscriminate global attention, cross-modal attention may propagate irrelevant content as context and cause modality interference. Conversely, a fixed preference for one modality may induce bias toward seen classes and undermine unseen-class generalization. To address these issues, we design Decoupled Modality Interaction and Gated Fusion (DMIF). Following Semi-IIN [10], two complementary attention masks implement IntraMA and InterMA in independent branches, while a sample- and class-conditioned gate dynamically adjusts the contributions of intra-modal representations, inter-modal representations, and direct temporal evidence.",Semi-IIN: Semi-Supervised Intra-Inter Modal Interaction Learning Network for Multimodal Sentiment Analysis,"Lin, Jinhao and Wang, Yifei and Xu, Yanwu and Liu, Qi",2025,10.1609/aaai.v39i2.32131,lin2025semiinn,Word plus primary metadata,,ref-10-crossref.json,"Exact DOI metadata: title, authors and publication identity inspected.",identity_verified,10,source/sections/03-method.tex,163,True,,https://api.crossref.org/works/10.1609%2Faaai.v39i2.32131,2026-09-23,C:\Users\admin\Documents\GitHub\WH\论文方案\SGTG_English_Translation.docx,,"LIN J, WANG Y, XU Y, et al. Semi-IIN: semi-supervised intra-inter modal interaction learning network for multimodal sentiment analysis In: Proceedings of the AAAI Conference on Artificial Intelligence (AAAI). 2025, 39(2): 1411-1419. DOI: 10.1609/aaai.v39i2.32131."
C025,[7],7,word/document.xml / body-100,"3.6 Joint Embedding, Training, and Inference",paragraph,"Supervised audio-visual language alignment. In the second stage, we train the main network using a supervised text-audio-visual contrastive loss inspired by [7]. It pulls each training sample’s class-conditioned embedding toward its ground-truth class embedding and pushes it away from the class embeddings of other seen classes:",Audio-Visual Generalized Zero-Shot Learning the Easy Way,"Mo, Shentong and Morgado, Pedro",2024,10.1007/978-3-031-73209-6_22,mo2024easy,"old bib, verified against primary metadata",12,ref-07-crossref.json; springer-year-evidence.md,"Exact DOI metadata: title, authors and publication identity inspected.; Official Springer page read via web; first-online 2024 versus Cite-as 2025.",identity_verified_year_convention_pending,7,source/sections/03-method.tex,229,True,YEAR-CONVENTION-07: Word and Crossref use 2024; Springer first-online date is 2024-11-01 but its Cite-as block uses 2025. Keep 2024 pending author confirmation.,https://api.crossref.org/works/10.1007%2F978-3-031-73209-6_22; https://link.springer.com/chapter/10.1007/978-3-031-73209-6_22,2026-09-23,C:\Users\admin\Documents\GitHub\WH\论文方案\SGTG_English_Translation.docx,C:\Users\admin\Documents\GitHub\WH\论文方案\KA_GZSL_TMM\sec\references.bib,"MO S, MORGADO P. Audio-visual generalized zero-shot learning the easy way In: Proceedings of the European Conference on Computer Vision (ECCV). 2024: 377-395. DOI: 10.1007/978-3-031-73209-6_22."
C026,[16],16,word/document.xml / body-103,"3.6 Joint Embedding, Training, and Inference",paragraph,"At inference time, given a test sample  the model performs a conditioned forward pass for each candidate in  and computes its similarity score. Because classification training uses only seen classes, the scores are biased toward these classes. We apply calibrated stacking [16] to penalize seen-class scores during inference:",An Empirical Study and Analysis of Generalized Zero-Shot Learning for Object Recognition in the Wild,"Chao, Wei-Lun and Changpinyo, Soravit and Gong, Boqing and Sha, Fei",2016,10.1007/978-3-319-46475-6_4,chao2016gzsl,Word plus primary metadata,,ref-16-crossref.json,"Exact DOI metadata: title, authors and publication identity inspected.",identity_verified,16,source/sections/03-method.tex,238,True,,https://api.crossref.org/works/10.1007%2F978-3-319-46475-6_4,2026-09-23,C:\Users\admin\Documents\GitHub\WH\论文方案\SGTG_English_Translation.docx,,"CHAO W L, CHANGPINYO S, GONG B, et al. An empirical study and analysis of generalized zero-shot learning for object recognition in the wild In: Proceedings of the European Conference on Computer Vision (ECCV). 2016: 52-68."
C027,[17],17,word/document.xml / body-109,4.1.1 Datasets,paragraph,"We evaluate AVGZSL performance on three benchmarks: VGGSound-GZSLcls, UCF-GZSLcls, and ActivityNet-GZSLcls. VGGSound-GZSLcls is constructed from VGGSound [17] and contains 276 classes, initially divided into 138 seen and 138 unseen classes. It covers diverse scenes involving animals, households, music, nature, people, sports, tools, and vehicles. UCF-GZSLcls is derived from the UCF101 action-recognition dataset [18] and contains 51 classes, initially divided into 30 seen and 21 unseen classes. Its daily activities and sports include fencing, playing the piano, and diving. ActivityNet-GZSLcls is based on ActivityNet [19] and contains 200 daily-activity classes, initially divided into 99 seen and 101 unseen classes. Its longer videos and complex scenes pose additional challenges for temporal grounding and audio-visual fusion.",VGGSound: A Large-Scale Audio-Visual Dataset,"Chen, Honglie and Xie, Weidi and Vedaldi, Andrea and Zisserman, Andrew",2020,10.1109/ICASSP40776.2020.9053174,chen2020vggsound,"old bib, verified against primary metadata",34,ref-17-crossref.json,"Exact DOI metadata: title, authors and publication identity inspected.",identity_verified,17,source/sections/04-experiments.tex,13,True,,https://api.crossref.org/works/10.1109%2FICASSP40776.2020.9053174,2026-09-23,C:\Users\admin\Documents\GitHub\WH\论文方案\SGTG_English_Translation.docx,C:\Users\admin\Documents\GitHub\WH\论文方案\KA_GZSL_TMM\sec\references.bib,"CHEN H, XIE W, VEDALDI A, et al. VGGSound: a large-scale audio-visual dataset In: Proceedings of the IEEE International Conference on Acoustics, Speech and Signal Processing (ICASSP). 2020: 721-725."
C028,[18],18,word/document.xml / body-109,4.1.1 Datasets,paragraph,"We evaluate AVGZSL performance on three benchmarks: VGGSound-GZSLcls, UCF-GZSLcls, and ActivityNet-GZSLcls. VGGSound-GZSLcls is constructed from VGGSound [17] and contains 276 classes, initially divided into 138 seen and 138 unseen classes. It covers diverse scenes involving animals, households, music, nature, people, sports, tools, and vehicles. UCF-GZSLcls is derived from the UCF101 action-recognition dataset [18] and contains 51 classes, initially divided into 30 seen and 21 unseen classes. Its daily activities and sports include fencing, playing the piano, and diving. ActivityNet-GZSLcls is based on ActivityNet [19] and contains 200 daily-activity classes, initially divided into 99 seen and 101 unseen classes. Its longer videos and complex scenes pose additional challenges for temporal grounding and audio-visual fusion.",UCF101: A Dataset of 101 Human Action Classes from Videos in the Wild,"Soomro, Khurram and Zamir, Amir Roshan and Shah, Mubarak",2012,,soomro2012ucf101,"old bib, verified against primary metadata",35,ref-18-arxiv.html,"Authors, year and report number agree; singular/plural title variation retained in audit.",identity_verified,18,source/sections/04-experiments.tex,13,True,,https://arxiv.org/abs/1212.0402,2026-09-23,C:\Users\admin\Documents\GitHub\WH\论文方案\SGTG_English_Translation.docx,C:\Users\admin\Documents\GitHub\WH\论文方案\KA_GZSL_TMM\sec\references.bib,"SOOMRO K, ZAMIR A R, SHAH M. UCF101: a dataset of 101 human action classes from videos in the wild. CRCV-TR-12-01, University of Central Florida, 2012."
C029,[19],19,word/document.xml / body-109,4.1.1 Datasets,paragraph,"We evaluate AVGZSL performance on three benchmarks: VGGSound-GZSLcls, UCF-GZSLcls, and ActivityNet-GZSLcls. VGGSound-GZSLcls is constructed from VGGSound [17] and contains 276 classes, initially divided into 138 seen and 138 unseen classes. It covers diverse scenes involving animals, households, music, nature, people, sports, tools, and vehicles. UCF-GZSLcls is derived from the UCF101 action-recognition dataset [18] and contains 51 classes, initially divided into 30 seen and 21 unseen classes. Its daily activities and sports include fencing, playing the piano, and diving. ActivityNet-GZSLcls is based on ActivityNet [19] and contains 200 daily-activity classes, initially divided into 99 seen and 101 unseen classes. Its longer videos and complex scenes pose additional challenges for temporal grounding and audio-visual fusion.",ActivityNet: A large-scale video benchmark for human activity understanding,"Caba Heilbron, Fabian and Escorcia, Victor and Ghanem, Bernard and Niebles, Juan Carlos",2015,10.1109/CVPR.2015.7298698,heilbron2015activitynet,"old bib, verified against primary metadata",36,ref-19-crossref.json; ref-19-cvf.html,"Exact DOI metadata: title, authors and publication identity inspected.; First-author family-name boundary agrees with Word.",identity_verified,19,source/sections/04-experiments.tex,13,True,,https://api.crossref.org/works/10.1109%2FCVPR.2015.7298698; https://openaccess.thecvf.com/content_cvpr_2015/html/Heilbron_ActivityNet_A_Large-Scale_2015_CVPR_paper.html,2026-09-23,C:\Users\admin\Documents\GitHub\WH\论文方案\SGTG_English_Translation.docx,C:\Users\admin\Documents\GitHub\WH\论文方案\KA_GZSL_TMM\sec\references.bib,"CABA HEILBRON F, ESCORCIA V, GHANEM B, et al. ActivityNet: a large-scale video benchmark for human activity understanding In: Proceedings of the IEEE Conference on Computer Vision and Pattern Recognition (CVPR). 2015: 961-970."
C030,[20],20,word/document.xml / body-116,4.1.2 Implementation Details,paragraph,"We implement the model in PyTorch on a workstation equipped with an Intel Core i9-14900KF CPU, 128 GB of RAM, and an NVIDIA GeForce RTX 3090 Ti GPU, running Ubuntu 24.04. We use Adam [20] to optimize the class embeddings with a learning rate of  a joint-objective trade-off coefficient of  and a margin coefficient of  The class embeddings are then fixed, and the main network is trained with  in (31). For the main network, Adam uses   a weight decay of  and a batch size of 64. We set the number of Gaussian experts in CGTA to  the number of layers in each decoupled interaction branch to  and the number of attention heads to 8. The temperature of the similarity function is ",Adam: A Method for Stochastic Optimization,Diederik P. Kingma and Jimmy Ba,2015,,kingma2015adam,"old bib, verified against primary metadata",37,ref-20-iclr.html,Official ICLR record of the 2015 paper and authors.,identity_verified_pagination_unverified,20,source/sections/04-experiments.tex,28,True,BIB-PAGES-ADAM: ICLR 2015 pagination is neither supplied by Word nor independently verified. Leave pages empty rather than inventing a range.,https://blog.iclr.cc/2025/04/14/announcing-the-test-of-time-award-winners-from-iclr-2015/,2026-09-23,C:\Users\admin\Documents\GitHub\WH\论文方案\SGTG_English_Translation.docx,C:\Users\admin\Documents\GitHub\WH\论文方案\KA_GZSL_TMM\sec\references.bib,"KINGMA D P, BA J. Adam: a method for stochastic optimization In: Proceedings of the International Conference on Learning Representations (ICLR). 2015."
C031,[3]–[5],3,word/document.xml / body-117,4.1.2 Implementation Details,paragraph,"Following the two-stage training and evaluation protocol in [3]–[5], we first use the validation samples corresponding to  and  to select hyperparameters, the seen-class calibration coefficient  and the best number of training epochs. The initial learning rates for the three datasets, in the order listed above, are   and  with 15, 20, and 15 training epochs, respectively. In Stage II, we retrain the model on the union of the training set and both validation subsets using the settings selected in Stage I. Final test results are obtained by evaluating the Stage II model. All other experimental settings follow ClipClap-GZSL.",Audio-Visual Generalised Zero-Shot Learning With Cross-Modal Attention and Language,"Mercea, Otniel-Bogdan and Riesch, Lukas and Koepke, A. Sophia and Akata, Zeynep",2022,10.1109/CVPR52688.2022.01030,mercea2022avca,"old bib, verified against primary metadata",1,ref-03-crossref.json; ref-03-cvf.html,"Exact DOI metadata: title, authors and publication identity inspected.; Same title/authors/year; Word pagination independently confirmed.",identity_verified,3,source/sections/04-experiments.tex,31,True,,https://api.crossref.org/works/10.1109%2FCVPR52688.2022.01030; https://openaccess.thecvf.com/content/CVPR2022/html/Mercea_Audio-Visual_Generalised_Zero-Shot_Learning_With_Cross-Modal_Attention_and_Language_CVPR_2022_paper.html,2026-09-23,C:\Users\admin\Documents\GitHub\WH\论文方案\SGTG_English_Translation.docx,C:\Users\admin\Documents\GitHub\WH\论文方案\KA_GZSL_TMM\sec\references.bib,"MERCEA O B, RIESCH L, KOEPKE A S, et al. Audio-visual generalised zero-shot learning with cross-modal attention and language In: Proceedings of the IEEE/CVF Conference on Computer Vision and Pattern Recognition (CVPR). 2022: 10553-10563."
C031,[3]–[5],4,word/document.xml / body-117,4.1.2 Implementation Details,paragraph,"Following the two-stage training and evaluation protocol in [3]–[5], we first use the validation samples corresponding to  and  to select hyperparameters, the seen-class calibration coefficient  and the best number of training epochs. The initial learning rates for the three datasets, in the order listed above, are   and  with 15, 20, and 15 training epochs, respectively. In Stage II, we retrain the model on the union of the training set and both validation subsets using the settings selected in Stage I. Final test results are obtained by evaluating the Stage II model. All other experimental settings follow ClipClap-GZSL.",Audio-Visual Generalized Zero-Shot Learning using Pre-Trained Large Multi-Modal Models,"Kurzend\""{o}rfer, David and Mercea, Otniel-Bogdan and Koepke, A. Sophia and Akata, Zeynep",2024,10.1109/CVPRW63382.2024.00269,kurzendorfer2024clipclap,"old bib, verified against primary metadata",2,ref-04-crossref.json,"Exact DOI metadata: title, authors and publication identity inspected.",identity_verified,4,source/sections/04-experiments.tex,31,True,,https://api.crossref.org/works/10.1109%2FCVPRW63382.2024.00269,2026-09-23,C:\Users\admin\Documents\GitHub\WH\论文方案\SGTG_English_Translation.docx,C:\Users\admin\Documents\GitHub\WH\论文方案\KA_GZSL_TMM\sec\references.bib,"KURZENDÖRFER D, MERCEA O B, KOEPKE A S, et al. Audio-visual generalized zero-shot learning using pre-trained large multi-modal models In: Proceedings of the IEEE/CVF Conference on Computer Vision and Pattern Recognition Workshops (CVPRW). 2024: 2627-2638."
C031,[3]–[5],5,word/document.xml / body-117,4.1.2 Implementation Details,paragraph,"Following the two-stage training and evaluation protocol in [3]–[5], we first use the validation samples corresponding to  and  to select hyperparameters, the seen-class calibration coefficient  and the best number of training epochs. The initial learning rates for the three datasets, in the order listed above, are   and  with 15, 20, and 15 training epochs, respectively. In Stage II, we retrain the model on the union of the training set and both validation subsets using the settings selected in Stage I. Final test results are obtained by evaluating the Stage II model. All other experimental settings follow ClipClap-GZSL.",Temporal and Cross-modal Attention for Audio-Visual Zero-Shot Learning,"Mercea, Otniel-Bogdan and Hummel, Thomas and Koepke, A. Sophia and Akata, Zeynep",2022,10.1007/978-3-031-20044-1_28,mercea2022tcaf,"old bib, verified against primary metadata",5,ref-05-crossref.json,"Exact DOI metadata: title, authors and publication identity inspected.",identity_verified,5,source/sections/04-experiments.tex,31,True,,https://api.crossref.org/works/10.1007%2F978-3-031-20044-1_28,2026-09-23,C:\Users\admin\Documents\GitHub\WH\论文方案\SGTG_English_Translation.docx,C:\Users\admin\Documents\GitHub\WH\论文方案\KA_GZSL_TMM\sec\references.bib,"MERCEA O B, HUMMEL T, KOEPKE A S, et al. Temporal and cross-modal attention for audio-visual zero-shot learning In: Proceedings of the European Conference on Computer Vision (ECCV). 2022: 488-505."
C032,[21],21,word/document.xml / body-121,4.1.4 Baselines,paragraph,"We compare our model with five conventional ZSL methods and 14 audio-visual GZSL methods. The conventional methods are DeViSE [21], ALE [22], SJE [23], APN [24], and f-VAEGAN-D2 [25], all of which take audio and visual features as input in this setting. The audio-visual GZSL methods include CJME [1], AVGZSLNet [2], AVCA [3], TCaF [5], Hyper-multiple [26], KDA [6], STFT [28], ClipClap-GZSL [4], EZ-AVGZL [7], MSTR [29], MDST++ [30], SACMA [31], and SGPAN. These approaches investigate audio-visual zero-shot recognition through joint embeddings, cross-modal interaction, temporal modeling, class hierarchies, and enhanced textual semantics.",DeViSE: A Deep Visual-Semantic Embedding Model,"Frome, Andrea and Corrado, Greg S and Shlens, Jon and Bengio, Samy and Dean, Jeff and Ranzato, Marc'Aurelio and Mikolov, Tomas",2013,,frome2013devise,"old bib, verified against primary metadata",38,ref-21-neurips.bib,"Exact title, authors, year and proceedings entry.",identity_verified,21,source/sections/04-experiments.tex,43,True,,https://papers.nips.cc/paper_files/paper/2013/file/7cce53cf90577442771720a370c3c723-Bibtex.bib,2026-09-23,C:\Users\admin\Documents\GitHub\WH\论文方案\SGTG_English_Translation.docx,C:\Users\admin\Documents\GitHub\WH\论文方案\KA_GZSL_TMM\sec\references.bib,"FROME A, CORRADO G S, SHLENS J, et al. DeViSE: a deep visual-semantic embedding model In: Advances in Neural Information Processing Systems (NeurIPS). 2013: 2121-2129."
C033,[22],22,word/document.xml / body-121,4.1.4 Baselines,paragraph,"We compare our model with five conventional ZSL methods and 14 audio-visual GZSL methods. The conventional methods are DeViSE [21], ALE [22], SJE [23], APN [24], and f-VAEGAN-D2 [25], all of which take audio and visual features as input in this setting. The audio-visual GZSL methods include CJME [1], AVGZSLNet [2], AVCA [3], TCaF [5], Hyper-multiple [26], KDA [6], STFT [28], ClipClap-GZSL [4], EZ-AVGZL [7], MSTR [29], MDST++ [30], SACMA [31], and SGPAN. These approaches investigate audio-visual zero-shot recognition through joint embeddings, cross-modal interaction, temporal modeling, class hierarchies, and enhanced textual semantics.",Label-Embedding for Image Classification,"Akata, Zeynep and Perronnin, Florent and Harchaoui, Zaid and Schmid, Cordelia",2016,10.1109/TPAMI.2015.2487986,akata2016ale,"old bib, verified against primary metadata",39,ref-22-crossref.json,"Exact DOI metadata: title, authors and publication identity inspected.",identity_verified,22,source/sections/04-experiments.tex,43,True,,https://api.crossref.org/works/10.1109%2FTPAMI.2015.2487986,2026-09-23,C:\Users\admin\Documents\GitHub\WH\论文方案\SGTG_English_Translation.docx,C:\Users\admin\Documents\GitHub\WH\论文方案\KA_GZSL_TMM\sec\references.bib,"AKATA Z, PERRONNIN F, HARCHAOUI Z, et al. Label-embedding for image classification. IEEE Transactions on Pattern Analysis and Machine Intelligence, 2016, 38(7): 1425-1438."
C034,[23],23,word/document.xml / body-121,4.1.4 Baselines,paragraph,"We compare our model with five conventional ZSL methods and 14 audio-visual GZSL methods. The conventional methods are DeViSE [21], ALE [22], SJE [23], APN [24], and f-VAEGAN-D2 [25], all of which take audio and visual features as input in this setting. The audio-visual GZSL methods include CJME [1], AVGZSLNet [2], AVCA [3], TCaF [5], Hyper-multiple [26], KDA [6], STFT [28], ClipClap-GZSL [4], EZ-AVGZL [7], MSTR [29], MDST++ [30], SACMA [31], and SGPAN. These approaches investigate audio-visual zero-shot recognition through joint embeddings, cross-modal interaction, temporal modeling, class hierarchies, and enhanced textual semantics.",Evaluation of output embeddings for fine-grained image classification,"Akata, Zeynep and Reed, Scott and Walter, Daniel and Lee, Honglak and Schiele, Bernt",2015,10.1109/CVPR.2015.7298911,akata2015sje,"old bib, verified against primary metadata",40,ref-23-crossref.json; ref-23-cvf.html,"Exact DOI metadata: title, authors and publication identity inspected.; Honglak Lee name order independently confirmed.",identity_verified,23,source/sections/04-experiments.tex,43,True,,https://api.crossref.org/works/10.1109%2FCVPR.2015.7298911; https://openaccess.thecvf.com/content_cvpr_2015/html/Akata_Evaluation_of_Output_2015_CVPR_paper.html,2026-09-23,C:\Users\admin\Documents\GitHub\WH\论文方案\SGTG_English_Translation.docx,C:\Users\admin\Documents\GitHub\WH\论文方案\KA_GZSL_TMM\sec\references.bib,"AKATA Z, REED S, WALTER D, et al. Evaluation of output embeddings for fine-grained image classification In: Proceedings of the IEEE Conference on Computer Vision and Pattern Recognition (CVPR). 2015: 2927-2936."
C035,[24],24,word/document.xml / body-121,4.1.4 Baselines,paragraph,"We compare our model with five conventional ZSL methods and 14 audio-visual GZSL methods. The conventional methods are DeViSE [21], ALE [22], SJE [23], APN [24], and f-VAEGAN-D2 [25], all of which take audio and visual features as input in this setting. The audio-visual GZSL methods include CJME [1], AVGZSLNet [2], AVCA [3], TCaF [5], Hyper-multiple [26], KDA [6], STFT [28], ClipClap-GZSL [4], EZ-AVGZL [7], MSTR [29], MDST++ [30], SACMA [31], and SGPAN. These approaches investigate audio-visual zero-shot recognition through joint embeddings, cross-modal interaction, temporal modeling, class hierarchies, and enhanced textual semantics.",Attribute Prototype Network for Zero-Shot Learning,"Xu, Wenjia and Xian, Yongqin and Wang, Jiuniu and Schiele, Bernt and Akata, Zeynep",2020,,xu2020apn,Word plus primary metadata,,ref-24-neurips.bib,"Exact title, authors, year and proceedings entry.",identity_verified,24,source/sections/04-experiments.tex,43,True,,https://proceedings.neurips.cc/paper_files/paper/2020/file/fa2431bf9d65058fe34e9713e32d60e6-Bibtex.bib,2026-09-23,C:\Users\admin\Documents\GitHub\WH\论文方案\SGTG_English_Translation.docx,,"XU W, XIAN Y, WANG J, et al. Attribute prototype network for zero-shot learning In: Advances in Neural Information Processing Systems (NeurIPS). 2020: 21969-21980."
C036,[25],25,word/document.xml / body-121,4.1.4 Baselines,paragraph,"We compare our model with five conventional ZSL methods and 14 audio-visual GZSL methods. The conventional methods are DeViSE [21], ALE [22], SJE [23], APN [24], and f-VAEGAN-D2 [25], all of which take audio and visual features as input in this setting. The audio-visual GZSL methods include CJME [1], AVGZSLNet [2], AVCA [3], TCaF [5], Hyper-multiple [26], KDA [6], STFT [28], ClipClap-GZSL [4], EZ-AVGZL [7], MSTR [29], MDST++ [30], SACMA [31], and SGPAN. These approaches investigate audio-visual zero-shot recognition through joint embeddings, cross-modal interaction, temporal modeling, class hierarchies, and enhanced textual semantics.",F-VAEGAN-D2: A Feature Generating Framework for Any-Shot Learning,"Xian, Yongqin and Sharma, Saurabh and Schiele, Bernt and Akata, Zeynep",2019,10.1109/CVPR.2019.01052,xian2019fvaegan,"old bib, verified against primary metadata",42,ref-25-crossref.json; ref-25-cvf.html,"Exact DOI metadata: title, authors and publication identity inspected.; Same title/authors/year; Word pagination independently confirmed.",identity_verified,25,source/sections/04-experiments.tex,43,True,,https://api.crossref.org/works/10.1109%2FCVPR.2019.01052; https://openaccess.thecvf.com/content_CVPR_2019/html/Xian_F-VAEGAN-D2_A_Feature_Generating_Framework_for_Any-Shot_Learning_CVPR_2019_paper.html,2026-09-23,C:\Users\admin\Documents\GitHub\WH\论文方案\SGTG_English_Translation.docx,C:\Users\admin\Documents\GitHub\WH\论文方案\KA_GZSL_TMM\sec\references.bib,"XIAN Y, SHARMA S, SCHIELE B, et al. f-VAEGAN-D2: a feature generating framework for any-shot learning In: Proceedings of the IEEE/CVF Conference on Computer Vision and Pattern Recognition (CVPR). 2019: 10275-10284."
C037,[1],1,word/document.xml / body-121,4.1.4 Baselines,paragraph,"We compare our model with five conventional ZSL methods and 14 audio-visual GZSL methods. The conventional methods are DeViSE [21], ALE [22], SJE [23], APN [24], and f-VAEGAN-D2 [25], all of which take audio and visual features as input in this setting. The audio-visual GZSL methods include CJME [1], AVGZSLNet [2], AVCA [3], TCaF [5], Hyper-multiple [26], KDA [6], STFT [28], ClipClap-GZSL [4], EZ-AVGZL [7], MSTR [29], MDST++ [30], SACMA [31], and SGPAN. These approaches investigate audio-visual zero-shot recognition through joint embeddings, cross-modal interaction, temporal modeling, class hierarchies, and enhanced textual semantics.",Coordinated Joint Multimodal Embeddings for Generalized Audio-Visual Zero-shot Classification and Retrieval of Videos,"Parida, Kranti Kumar and Matiyali, Neeraj and Guha, Tanaya and Sharma, Gaurav",2020,10.1109/WACV45572.2020.9093438,parida2020cjme,"old bib, verified against primary metadata",3,ref-01-crossref.json; ref-01-cvf.html,"Exact DOI metadata: title, authors and publication identity inspected.; Same title/authors/year; Word pagination independently confirmed.",identity_verified,1,source/sections/04-experiments.tex,43,True,,https://api.crossref.org/works/10.1109%2FWACV45572.2020.9093438; https://openaccess.thecvf.com/content_WACV_2020/html/Parida_Coordinated_Joint_Multimodal_Embeddings_for_Generalized_Audio-Visual_Zero-shot_Classification_and_WACV_2020_paper.html,2026-09-23,C:\Users\admin\Documents\GitHub\WH\论文方案\SGTG_English_Translation.docx,C:\Users\admin\Documents\GitHub\WH\论文方案\KA_GZSL_TMM\sec\references.bib,"PARIDA K K, MATIYALI N, GUHA T, et al. Coordinated joint multimodal embeddings for generalized audio-visual zero-shot classification and retrieval of videos In: Proceedings of the IEEE/CVF Winter Conference on Applications of Computer Vision (WACV). 2020: 3251-3260."
C038,[2],2,word/document.xml / body-121,4.1.4 Baselines,paragraph,"We compare our model with five conventional ZSL methods and 14 audio-visual GZSL methods. The conventional methods are DeViSE [21], ALE [22], SJE [23], APN [24], and f-VAEGAN-D2 [25], all of which take audio and visual features as input in this setting. The audio-visual GZSL methods include CJME [1], AVGZSLNet [2], AVCA [3], TCaF [5], Hyper-multiple [26], KDA [6], STFT [28], ClipClap-GZSL [4], EZ-AVGZL [7], MSTR [29], MDST++ [30], SACMA [31], and SGPAN. These approaches investigate audio-visual zero-shot recognition through joint embeddings, cross-modal interaction, temporal modeling, class hierarchies, and enhanced textual semantics.",AVGZSLNet: Audio-Visual Generalized Zero-Shot Learning by Reconstructing Label Features From Multi-Modal Embeddings,"Mazumder, Pratik and Singh, Pravendra and Parida, Kranti Kumar and Namboodiri, Vinay P.",2021,10.1109/WACV48630.2021.00313,mazumder2021avgzslnet,"old bib, verified against primary metadata",4,ref-02-crossref.json; ref-02-cvf.html,"Exact DOI metadata: title, authors and publication identity inspected.; Same title/authors/year; Word pagination independently confirmed.",identity_verified,2,source/sections/04-experiments.tex,43,True,,https://api.crossref.org/works/10.1109%2FWACV48630.2021.00313; https://openaccess.thecvf.com/content/WACV2021/html/Mazumder_AVGZSLNet_Audio-Visual_Generalized_Zero-Shot_Learning_by_Reconstructing_Label_Features_From_WACV_2021_paper.html,2026-09-23,C:\Users\admin\Documents\GitHub\WH\论文方案\SGTG_English_Translation.docx,C:\Users\admin\Documents\GitHub\WH\论文方案\KA_GZSL_TMM\sec\references.bib,"MAZUMDER P, SINGH P, PARIDA K K, et al. AVGZSLNet: audio-visual generalized zero-shot learning by reconstructing label features from multi-modal embeddings In: Proceedings of the IEEE/CVF Winter Conference on Applications of Computer Vision (WACV). 2021: 3090-3099."
C039,[3],3,word/document.xml / body-121,4.1.4 Baselines,paragraph,"We compare our model with five conventional ZSL methods and 14 audio-visual GZSL methods. The conventional methods are DeViSE [21], ALE [22], SJE [23], APN [24], and f-VAEGAN-D2 [25], all of which take audio and visual features as input in this setting. The audio-visual GZSL methods include CJME [1], AVGZSLNet [2], AVCA [3], TCaF [5], Hyper-multiple [26], KDA [6], STFT [28], ClipClap-GZSL [4], EZ-AVGZL [7], MSTR [29], MDST++ [30], SACMA [31], and SGPAN. These approaches investigate audio-visual zero-shot recognition through joint embeddings, cross-modal interaction, temporal modeling, class hierarchies, and enhanced textual semantics.",Audio-Visual Generalised Zero-Shot Learning With Cross-Modal Attention and Language,"Mercea, Otniel-Bogdan and Riesch, Lukas and Koepke, A. Sophia and Akata, Zeynep",2022,10.1109/CVPR52688.2022.01030,mercea2022avca,"old bib, verified against primary metadata",1,ref-03-crossref.json; ref-03-cvf.html,"Exact DOI metadata: title, authors and publication identity inspected.; Same title/authors/year; Word pagination independently confirmed.",identity_verified,3,source/sections/04-experiments.tex,43,True,,https://api.crossref.org/works/10.1109%2FCVPR52688.2022.01030; https://openaccess.thecvf.com/content/CVPR2022/html/Mercea_Audio-Visual_Generalised_Zero-Shot_Learning_With_Cross-Modal_Attention_and_Language_CVPR_2022_paper.html,2026-09-23,C:\Users\admin\Documents\GitHub\WH\论文方案\SGTG_English_Translation.docx,C:\Users\admin\Documents\GitHub\WH\论文方案\KA_GZSL_TMM\sec\references.bib,"MERCEA O B, RIESCH L, KOEPKE A S, et al. Audio-visual generalised zero-shot learning with cross-modal attention and language In: Proceedings of the IEEE/CVF Conference on Computer Vision and Pattern Recognition (CVPR). 2022: 10553-10563."
C040,[5],5,word/document.xml / body-121,4.1.4 Baselines,paragraph,"We compare our model with five conventional ZSL methods and 14 audio-visual GZSL methods. The conventional methods are DeViSE [21], ALE [22], SJE [23], APN [24], and f-VAEGAN-D2 [25], all of which take audio and visual features as input in this setting. The audio-visual GZSL methods include CJME [1], AVGZSLNet [2], AVCA [3], TCaF [5], Hyper-multiple [26], KDA [6], STFT [28], ClipClap-GZSL [4], EZ-AVGZL [7], MSTR [29], MDST++ [30], SACMA [31], and SGPAN. These approaches investigate audio-visual zero-shot recognition through joint embeddings, cross-modal interaction, temporal modeling, class hierarchies, and enhanced textual semantics.",Temporal and Cross-modal Attention for Audio-Visual Zero-Shot Learning,"Mercea, Otniel-Bogdan and Hummel, Thomas and Koepke, A. Sophia and Akata, Zeynep",2022,10.1007/978-3-031-20044-1_28,mercea2022tcaf,"old bib, verified against primary metadata",5,ref-05-crossref.json,"Exact DOI metadata: title, authors and publication identity inspected.",identity_verified,5,source/sections/04-experiments.tex,43,True,,https://api.crossref.org/works/10.1007%2F978-3-031-20044-1_28,2026-09-23,C:\Users\admin\Documents\GitHub\WH\论文方案\SGTG_English_Translation.docx,C:\Users\admin\Documents\GitHub\WH\论文方案\KA_GZSL_TMM\sec\references.bib,"MERCEA O B, HUMMEL T, KOEPKE A S, et al. Temporal and cross-modal attention for audio-visual zero-shot learning In: Proceedings of the European Conference on Computer Vision (ECCV). 2022: 488-505."
C041,[26],26,word/document.xml / body-121,4.1.4 Baselines,paragraph,"We compare our model with five conventional ZSL methods and 14 audio-visual GZSL methods. The conventional methods are DeViSE [21], ALE [22], SJE [23], APN [24], and f-VAEGAN-D2 [25], all of which take audio and visual features as input in this setting. The audio-visual GZSL methods include CJME [1], AVGZSLNet [2], AVCA [3], TCaF [5], Hyper-multiple [26], KDA [6], STFT [28], ClipClap-GZSL [4], EZ-AVGZL [7], MSTR [29], MDST++ [30], SACMA [31], and SGPAN. These approaches investigate audio-visual zero-shot recognition through joint embeddings, cross-modal interaction, temporal modeling, class hierarchies, and enhanced textual semantics.",Hyperbolic Audio-visual Zero-shot Learning,"Hong, Jie and Hayder, Zeeshan and Han, Junlin and Fang, Pengfei and Harandi, Mehrtash and Petersson, Lars",2023,10.1109/ICCV51070.2023.00724,hong2023hyperbolic,"old bib, verified against primary metadata",7,ref-26-crossref.json; ref-26-cvf.html,"Exact DOI metadata: title, authors and publication identity inspected.; Same title/authors/year; Word pagination independently confirmed.",identity_verified,26,source/sections/04-experiments.tex,43,True,,https://api.crossref.org/works/10.1109%2FICCV51070.2023.00724; https://openaccess.thecvf.com/content/ICCV2023/html/Hong_Hyperbolic_Audio-visual_Zero-shot_Learning_ICCV_2023_paper.html,2026-09-23,C:\Users\admin\Documents\GitHub\WH\论文方案\SGTG_English_Translation.docx,C:\Users\admin\Documents\GitHub\WH\论文方案\KA_GZSL_TMM\sec\references.bib,"HONG J, HAYDER Z, HAN J, et al. Hyperbolic audio-visual zero-shot learning In: Proceedings of the IEEE/CVF International Conference on Computer Vision (ICCV). 2023: 7873-7883."
C042,[6],6,word/document.xml / body-121,4.1.4 Baselines,paragraph,"We compare our model with five conventional ZSL methods and 14 audio-visual GZSL methods. The conventional methods are DeViSE [21], ALE [22], SJE [23], APN [24], and f-VAEGAN-D2 [25], all of which take audio and visual features as input in this setting. The audio-visual GZSL methods include CJME [1], AVGZSLNet [2], AVCA [3], TCaF [5], Hyper-multiple [26], KDA [6], STFT [28], ClipClap-GZSL [4], EZ-AVGZL [7], MSTR [29], MDST++ [30], SACMA [31], and SGPAN. These approaches investigate audio-visual zero-shot recognition through joint embeddings, cross-modal interaction, temporal modeling, class hierarchies, and enhanced textual semantics.",Boosting Audio-visual Zero-shot Learning with Large Language Models,"Chen, Haoxing and Li, Yaohui and Hong, Yan and Huang, Zizheng and Xu, Zhuoer and Gu, Zhangxuan and Lan, Jun and Zhu, Huijia and Wang, Weiqiang",2023,10.48550/arXiv.2311.12268,chen2023kda,"old bib, verified against primary metadata",9,ref-06-arxiv.html,"Full authors, original date, v2 date and arXiv identity.",identity_verified,6,source/sections/04-experiments.tex,43,True,,https://arxiv.org/abs/2311.12268v2,2026-09-23,C:\Users\admin\Documents\GitHub\WH\论文方案\SGTG_English_Translation.docx,C:\Users\admin\Documents\GitHub\WH\论文方案\KA_GZSL_TMM\sec\references.bib,"CHEN H, LI Y, HONG Y, et al. Boosting audio-visual zero-shot learning with large language models. arXiv:2311.12268, 2023 (v2, 2024). DOI: 10.48550/arXiv.2311.12268."
C043,[28],28,word/document.xml / body-121,4.1.4 Baselines,paragraph,"We compare our model with five conventional ZSL methods and 14 audio-visual GZSL methods. The conventional methods are DeViSE [21], ALE [22], SJE [23], APN [24], and f-VAEGAN-D2 [25], all of which take audio and visual features as input in this setting. The audio-visual GZSL methods include CJME [1], AVGZSLNet [2], AVCA [3], TCaF [5], Hyper-multiple [26], KDA [6], STFT [28], ClipClap-GZSL [4], EZ-AVGZL [7], MSTR [29], MDST++ [30], SACMA [31], and SGPAN. These approaches investigate audio-visual zero-shot recognition through joint embeddings, cross-modal interaction, temporal modeling, class hierarchies, and enhanced textual semantics.",Spiking Tucker Fusion Transformer for Audio-Visual Zero-Shot Learning,"Li, Wenrui and Wang, Penghong and Xiong, Ruiqin and Fan, Xiaopeng",2024,10.1109/TIP.2024.3430080,li2024stft,"old bib, verified against primary metadata",43,ref-28-crossref.json,"Exact DOI metadata: title, authors and publication identity inspected.",identity_verified,27,source/sections/04-experiments.tex,43,True,,https://api.crossref.org/works/10.1109%2FTIP.2024.3430080,2026-09-23,C:\Users\admin\Documents\GitHub\WH\论文方案\SGTG_English_Translation.docx,C:\Users\admin\Documents\GitHub\WH\论文方案\KA_GZSL_TMM\sec\references.bib,"LI W, WANG P, XIONG R, et al. Spiking Tucker fusion transformer for audio-visual zero-shot learning. IEEE Transactions on Image Processing, 2024. DOI: 10.1109/TIP.2024.3430080."
C044,[4],4,word/document.xml / body-121,4.1.4 Baselines,paragraph,"We compare our model with five conventional ZSL methods and 14 audio-visual GZSL methods. The conventional methods are DeViSE [21], ALE [22], SJE [23], APN [24], and f-VAEGAN-D2 [25], all of which take audio and visual features as input in this setting. The audio-visual GZSL methods include CJME [1], AVGZSLNet [2], AVCA [3], TCaF [5], Hyper-multiple [26], KDA [6], STFT [28], ClipClap-GZSL [4], EZ-AVGZL [7], MSTR [29], MDST++ [30], SACMA [31], and SGPAN. These approaches investigate audio-visual zero-shot recognition through joint embeddings, cross-modal interaction, temporal modeling, class hierarchies, and enhanced textual semantics.",Audio-Visual Generalized Zero-Shot Learning using Pre-Trained Large Multi-Modal Models,"Kurzend\""{o}rfer, David and Mercea, Otniel-Bogdan and Koepke, A. Sophia and Akata, Zeynep",2024,10.1109/CVPRW63382.2024.00269,kurzendorfer2024clipclap,"old bib, verified against primary metadata",2,ref-04-crossref.json,"Exact DOI metadata: title, authors and publication identity inspected.",identity_verified,4,source/sections/04-experiments.tex,43,True,,https://api.crossref.org/works/10.1109%2FCVPRW63382.2024.00269,2026-09-23,C:\Users\admin\Documents\GitHub\WH\论文方案\SGTG_English_Translation.docx,C:\Users\admin\Documents\GitHub\WH\论文方案\KA_GZSL_TMM\sec\references.bib,"KURZENDÖRFER D, MERCEA O B, KOEPKE A S, et al. Audio-visual generalized zero-shot learning using pre-trained large multi-modal models In: Proceedings of the IEEE/CVF Conference on Computer Vision and Pattern Recognition Workshops (CVPRW). 2024: 2627-2638."
C045,[7],7,word/document.xml / body-121,4.1.4 Baselines,paragraph,"We compare our model with five conventional ZSL methods and 14 audio-visual GZSL methods. The conventional methods are DeViSE [21], ALE [22], SJE [23], APN [24], and f-VAEGAN-D2 [25], all of which take audio and visual features as input in this setting. The audio-visual GZSL methods include CJME [1], AVGZSLNet [2], AVCA [3], TCaF [5], Hyper-multiple [26], KDA [6], STFT [28], ClipClap-GZSL [4], EZ-AVGZL [7], MSTR [29], MDST++ [30], SACMA [31], and SGPAN. These approaches investigate audio-visual zero-shot recognition through joint embeddings, cross-modal interaction, temporal modeling, class hierarchies, and enhanced textual semantics.",Audio-Visual Generalized Zero-Shot Learning the Easy Way,"Mo, Shentong and Morgado, Pedro",2024,10.1007/978-3-031-73209-6_22,mo2024easy,"old bib, verified against primary metadata",12,ref-07-crossref.json; springer-year-evidence.md,"Exact DOI metadata: title, authors and publication identity inspected.; Official Springer page read via web; first-online 2024 versus Cite-as 2025.",identity_verified_year_convention_pending,7,source/sections/04-experiments.tex,43,True,YEAR-CONVENTION-07: Word and Crossref use 2024; Springer first-online date is 2024-11-01 but its Cite-as block uses 2025. Keep 2024 pending author confirmation.,https://api.crossref.org/works/10.1007%2F978-3-031-73209-6_22; https://link.springer.com/chapter/10.1007/978-3-031-73209-6_22,2026-09-23,C:\Users\admin\Documents\GitHub\WH\论文方案\SGTG_English_Translation.docx,C:\Users\admin\Documents\GitHub\WH\论文方案\KA_GZSL_TMM\sec\references.bib,"MO S, MORGADO P. Audio-visual generalized zero-shot learning the easy way In: Proceedings of the European Conference on Computer Vision (ECCV). 2024: 377-395. DOI: 10.1007/978-3-031-73209-6_22."
C046,[29],29,word/document.xml / body-121,4.1.4 Baselines,paragraph,"We compare our model with five conventional ZSL methods and 14 audio-visual GZSL methods. The conventional methods are DeViSE [21], ALE [22], SJE [23], APN [24], and f-VAEGAN-D2 [25], all of which take audio and visual features as input in this setting. The audio-visual GZSL methods include CJME [1], AVGZSLNet [2], AVCA [3], TCaF [5], Hyper-multiple [26], KDA [6], STFT [28], ClipClap-GZSL [4], EZ-AVGZL [7], MSTR [29], MDST++ [30], SACMA [31], and SGPAN. These approaches investigate audio-visual zero-shot recognition through joint embeddings, cross-modal interaction, temporal modeling, class hierarchies, and enhanced textual semantics.",Multi-modal spiking tensor regression network for audio-visual zero-shot learning,"Yang, Zhe and Li, Wenrui and Hou, Jinxiu and Cheng, Guanghui",2025,10.1016/j.neucom.2025.129636,yang2025mstr,"old bib, verified against primary metadata",14,ref-29-crossref.json,"Exact DOI metadata: title, authors and publication identity inspected.",identity_verified,28,source/sections/04-experiments.tex,43,True,,https://api.crossref.org/works/10.1016%2Fj.neucom.2025.129636,2026-09-23,C:\Users\admin\Documents\GitHub\WH\论文方案\SGTG_English_Translation.docx,C:\Users\admin\Documents\GitHub\WH\论文方案\KA_GZSL_TMM\sec\references.bib,"YANG Z, LI W, HOU J, et al. Multi-modal spiking tensor regression network for audio-visual zero-shot learning. Neurocomputing, 2025, 629: 129636. DOI: 10.1016/j.neucom.2025.129636."
C047,[30],30,word/document.xml / body-121,4.1.4 Baselines,paragraph,"We compare our model with five conventional ZSL methods and 14 audio-visual GZSL methods. The conventional methods are DeViSE [21], ALE [22], SJE [23], APN [24], and f-VAEGAN-D2 [25], all of which take audio and visual features as input in this setting. The audio-visual GZSL methods include CJME [1], AVGZSLNet [2], AVCA [3], TCaF [5], Hyper-multiple [26], KDA [6], STFT [28], ClipClap-GZSL [4], EZ-AVGZL [7], MSTR [29], MDST++ [30], SACMA [31], and SGPAN. These approaches investigate audio-visual zero-shot recognition through joint embeddings, cross-modal interaction, temporal modeling, class hierarchies, and enhanced textual semantics.",Multi-Timescale Motion-Decoupled Spiking Transformer for Audio-Visual Zero-Shot Learning,"Li, Wenrui and Wang, Penghong and Wang, Xingtao and Zuo, Wangmeng and Fan, Xiaopeng and Tian, Yonghong",2025,10.1109/TCSVT.2025.3574499,li2025mdst,"old bib, verified against primary metadata",44,ref-30-crossref.json,"Exact DOI metadata: title, authors and publication identity inspected.",identity_verified,29,source/sections/04-experiments.tex,43,True,,https://api.crossref.org/works/10.1109%2FTCSVT.2025.3574499,2026-09-23,C:\Users\admin\Documents\GitHub\WH\论文方案\SGTG_English_Translation.docx,C:\Users\admin\Documents\GitHub\WH\论文方案\KA_GZSL_TMM\sec\references.bib,"LI W, WANG P, WANG X, et al. Multi-timescale motion-decoupled spiking transformer for audio-visual zero-shot learning. IEEE Transactions on Circuits and Systems for Video Technology, 2025. DOI: 10.1109/TCSVT.2025.3574499."
C048,[31],31,word/document.xml / body-121,4.1.4 Baselines,paragraph,"We compare our model with five conventional ZSL methods and 14 audio-visual GZSL methods. The conventional methods are DeViSE [21], ALE [22], SJE [23], APN [24], and f-VAEGAN-D2 [25], all of which take audio and visual features as input in this setting. The audio-visual GZSL methods include CJME [1], AVGZSLNet [2], AVCA [3], TCaF [5], Hyper-multiple [26], KDA [6], STFT [28], ClipClap-GZSL [4], EZ-AVGZL [7], MSTR [29], MDST++ [30], SACMA [31], and SGPAN. These approaches investigate audio-visual zero-shot recognition through joint embeddings, cross-modal interaction, temporal modeling, class hierarchies, and enhanced textual semantics.",Self-attention and cross-modal attention for audio-visual zero-shot learning,"Yang, Jing and Li, Xiaoyong and Wu, Yuankai and Chen, Yuling and Ruan, Xiaoli and Li, Chengjiang and Hou, Qing",2026,10.1016/j.inffus.2025.103966,yang2026sacma,"old bib, verified against primary metadata",45,ref-31-crossref.json,"Exact DOI metadata: title, authors and publication identity inspected.",identity_verified,30,source/sections/04-experiments.tex,43,True,,https://api.crossref.org/works/10.1016%2Fj.inffus.2025.103966,2026-09-23,C:\Users\admin\Documents\GitHub\WH\论文方案\SGTG_English_Translation.docx,C:\Users\admin\Documents\GitHub\WH\论文方案\KA_GZSL_TMM\sec\references.bib,"YANG J, LI X, WU Y, et al. Self-attention and cross-modal attention for audio-visual zero-shot learning. Information Fusion, 2026, 129: 103966. DOI: 10.1016/j.inffus.2025.103966."
C049,[21],21,word/document.xml / T02R03C01,4.2 Quantitative Results,table-cell,DeViSE [21],DeViSE: A Deep Visual-Semantic Embedding Model,"Frome, Andrea and Corrado, Greg S and Shlens, Jon and Bengio, Samy and Dean, Jeff and Ranzato, Marc'Aurelio and Mikolov, Tomas",2013,,frome2013devise,"old bib, verified against primary metadata",38,ref-21-neurips.bib,"Exact title, authors, year and proceedings entry.",identity_verified,21,source/tables/table-02-main-results.tex,46,True,,https://papers.nips.cc/paper_files/paper/2013/file/7cce53cf90577442771720a370c3c723-Bibtex.bib,2026-09-23,C:\Users\admin\Documents\GitHub\WH\论文方案\SGTG_English_Translation.docx,C:\Users\admin\Documents\GitHub\WH\论文方案\KA_GZSL_TMM\sec\references.bib,"FROME A, CORRADO G S, SHLENS J, et al. DeViSE: a deep visual-semantic embedding model In: Advances in Neural Information Processing Systems (NeurIPS). 2013: 2121-2129."
C050,[22],22,word/document.xml / T02R04C01,4.2 Quantitative Results,table-cell,ALE [22],Label-Embedding for Image Classification,"Akata, Zeynep and Perronnin, Florent and Harchaoui, Zaid and Schmid, Cordelia",2016,10.1109/TPAMI.2015.2487986,akata2016ale,"old bib, verified against primary metadata",39,ref-22-crossref.json,"Exact DOI metadata: title, authors and publication identity inspected.",identity_verified,22,source/tables/table-02-main-results.tex,72,True,,https://api.crossref.org/works/10.1109%2FTPAMI.2015.2487986,2026-09-23,C:\Users\admin\Documents\GitHub\WH\论文方案\SGTG_English_Translation.docx,C:\Users\admin\Documents\GitHub\WH\论文方案\KA_GZSL_TMM\sec\references.bib,"AKATA Z, PERRONNIN F, HARCHAOUI Z, et al. Label-embedding for image classification. IEEE Transactions on Pattern Analysis and Machine Intelligence, 2016, 38(7): 1425-1438."
C051,[23],23,word/document.xml / T02R05C01,4.2 Quantitative Results,table-cell,SJE [23],Evaluation of output embeddings for fine-grained image classification,"Akata, Zeynep and Reed, Scott and Walter, Daniel and Lee, Honglak and Schiele, Bernt",2015,10.1109/CVPR.2015.7298911,akata2015sje,"old bib, verified against primary metadata",40,ref-23-crossref.json; ref-23-cvf.html,"Exact DOI metadata: title, authors and publication identity inspected.; Honglak Lee name order independently confirmed.",identity_verified,23,source/tables/table-02-main-results.tex,98,True,,https://api.crossref.org/works/10.1109%2FCVPR.2015.7298911; https://openaccess.thecvf.com/content_cvpr_2015/html/Akata_Evaluation_of_Output_2015_CVPR_paper.html,2026-09-23,C:\Users\admin\Documents\GitHub\WH\论文方案\SGTG_English_Translation.docx,C:\Users\admin\Documents\GitHub\WH\论文方案\KA_GZSL_TMM\sec\references.bib,"AKATA Z, REED S, WALTER D, et al. Evaluation of output embeddings for fine-grained image classification In: Proceedings of the IEEE Conference on Computer Vision and Pattern Recognition (CVPR). 2015: 2927-2936."
C052,[25],25,word/document.xml / T02R06C01,4.2 Quantitative Results,table-cell,f-VAEGAN-D2 [25],F-VAEGAN-D2: A Feature Generating Framework for Any-Shot Learning,"Xian, Yongqin and Sharma, Saurabh and Schiele, Bernt and Akata, Zeynep",2019,10.1109/CVPR.2019.01052,xian2019fvaegan,"old bib, verified against primary metadata",42,ref-25-crossref.json; ref-25-cvf.html,"Exact DOI metadata: title, authors and publication identity inspected.; Same title/authors/year; Word pagination independently confirmed.",identity_verified,25,source/tables/table-02-main-results.tex,124,True,,https://api.crossref.org/works/10.1109%2FCVPR.2019.01052; https://openaccess.thecvf.com/content_CVPR_2019/html/Xian_F-VAEGAN-D2_A_Feature_Generating_Framework_for_Any-Shot_Learning_CVPR_2019_paper.html,2026-09-23,C:\Users\admin\Documents\GitHub\WH\论文方案\SGTG_English_Translation.docx,C:\Users\admin\Documents\GitHub\WH\论文方案\KA_GZSL_TMM\sec\references.bib,"XIAN Y, SHARMA S, SCHIELE B, et al. f-VAEGAN-D2: a feature generating framework for any-shot learning In: Proceedings of the IEEE/CVF Conference on Computer Vision and Pattern Recognition (CVPR). 2019: 10275-10284."
C053,[24],24,word/document.xml / T02R07C01,4.2 Quantitative Results,table-cell,APN [24],Attribute Prototype Network for Zero-Shot Learning,"Xu, Wenjia and Xian, Yongqin and Wang, Jiuniu and Schiele, Bernt and Akata, Zeynep",2020,,xu2020apn,Word plus primary metadata,,ref-24-neurips.bib,"Exact title, authors, year and proceedings entry.",identity_verified,24,source/tables/table-02-main-results.tex,150,True,,https://proceedings.neurips.cc/paper_files/paper/2020/file/fa2431bf9d65058fe34e9713e32d60e6-Bibtex.bib,2026-09-23,C:\Users\admin\Documents\GitHub\WH\论文方案\SGTG_English_Translation.docx,,"XU W, XIAN Y, WANG J, et al. Attribute prototype network for zero-shot learning In: Advances in Neural Information Processing Systems (NeurIPS). 2020: 21969-21980."
C054,[1],1,word/document.xml / T02R08C01,4.2 Quantitative Results,table-cell,CJME [1],Coordinated Joint Multimodal Embeddings for Generalized Audio-Visual Zero-shot Classification and Retrieval of Videos,"Parida, Kranti Kumar and Matiyali, Neeraj and Guha, Tanaya and Sharma, Gaurav",2020,10.1109/WACV45572.2020.9093438,parida2020cjme,"old bib, verified against primary metadata",3,ref-01-crossref.json; ref-01-cvf.html,"Exact DOI metadata: title, authors and publication identity inspected.; Same title/authors/year; Word pagination independently confirmed.",identity_verified,1,source/tables/table-02-main-results.tex,176,True,,https://api.crossref.org/works/10.1109%2FWACV45572.2020.9093438; https://openaccess.thecvf.com/content_WACV_2020/html/Parida_Coordinated_Joint_Multimodal_Embeddings_for_Generalized_Audio-Visual_Zero-shot_Classification_and_WACV_2020_paper.html,2026-09-23,C:\Users\admin\Documents\GitHub\WH\论文方案\SGTG_English_Translation.docx,C:\Users\admin\Documents\GitHub\WH\论文方案\KA_GZSL_TMM\sec\references.bib,"PARIDA K K, MATIYALI N, GUHA T, et al. Coordinated joint multimodal embeddings for generalized audio-visual zero-shot classification and retrieval of videos In: Proceedings of the IEEE/CVF Winter Conference on Applications of Computer Vision (WACV). 2020: 3251-3260."
C055,[2],2,word/document.xml / T02R09C01,4.2 Quantitative Results,table-cell,AVGZSLNet [2],AVGZSLNet: Audio-Visual Generalized Zero-Shot Learning by Reconstructing Label Features From Multi-Modal Embeddings,"Mazumder, Pratik and Singh, Pravendra and Parida, Kranti Kumar and Namboodiri, Vinay P.",2021,10.1109/WACV48630.2021.00313,mazumder2021avgzslnet,"old bib, verified against primary metadata",4,ref-02-crossref.json; ref-02-cvf.html,"Exact DOI metadata: title, authors and publication identity inspected.; Same title/authors/year; Word pagination independently confirmed.",identity_verified,2,source/tables/table-02-main-results.tex,202,True,,https://api.crossref.org/works/10.1109%2FWACV48630.2021.00313; https://openaccess.thecvf.com/content/WACV2021/html/Mazumder_AVGZSLNet_Audio-Visual_Generalized_Zero-Shot_Learning_by_Reconstructing_Label_Features_From_WACV_2021_paper.html,2026-09-23,C:\Users\admin\Documents\GitHub\WH\论文方案\SGTG_English_Translation.docx,C:\Users\admin\Documents\GitHub\WH\论文方案\KA_GZSL_TMM\sec\references.bib,"MAZUMDER P, SINGH P, PARIDA K K, et al. AVGZSLNet: audio-visual generalized zero-shot learning by reconstructing label features from multi-modal embeddings In: Proceedings of the IEEE/CVF Winter Conference on Applications of Computer Vision (WACV). 2021: 3090-3099."
C056,[3],3,word/document.xml / T02R10C01,4.2 Quantitative Results,table-cell,AVCA [3],Audio-Visual Generalised Zero-Shot Learning With Cross-Modal Attention and Language,"Mercea, Otniel-Bogdan and Riesch, Lukas and Koepke, A. Sophia and Akata, Zeynep",2022,10.1109/CVPR52688.2022.01030,mercea2022avca,"old bib, verified against primary metadata",1,ref-03-crossref.json; ref-03-cvf.html,"Exact DOI metadata: title, authors and publication identity inspected.; Same title/authors/year; Word pagination independently confirmed.",identity_verified,3,source/tables/table-02-main-results.tex,228,True,,https://api.crossref.org/works/10.1109%2FCVPR52688.2022.01030; https://openaccess.thecvf.com/content/CVPR2022/html/Mercea_Audio-Visual_Generalised_Zero-Shot_Learning_With_Cross-Modal_Attention_and_Language_CVPR_2022_paper.html,2026-09-23,C:\Users\admin\Documents\GitHub\WH\论文方案\SGTG_English_Translation.docx,C:\Users\admin\Documents\GitHub\WH\论文方案\KA_GZSL_TMM\sec\references.bib,"MERCEA O B, RIESCH L, KOEPKE A S, et al. Audio-visual generalised zero-shot learning with cross-modal attention and language In: Proceedings of the IEEE/CVF Conference on Computer Vision and Pattern Recognition (CVPR). 2022: 10553-10563."
C057,[5],5,word/document.xml / T02R11C01,4.2 Quantitative Results,table-cell,TCaF [5],Temporal and Cross-modal Attention for Audio-Visual Zero-Shot Learning,"Mercea, Otniel-Bogdan and Hummel, Thomas and Koepke, A. Sophia and Akata, Zeynep",2022,10.1007/978-3-031-20044-1_28,mercea2022tcaf,"old bib, verified against primary metadata",5,ref-05-crossref.json,"Exact DOI metadata: title, authors and publication identity inspected.",identity_verified,5,source/tables/table-02-main-results.tex,254,True,,https://api.crossref.org/works/10.1007%2F978-3-031-20044-1_28,2026-09-23,C:\Users\admin\Documents\GitHub\WH\论文方案\SGTG_English_Translation.docx,C:\Users\admin\Documents\GitHub\WH\论文方案\KA_GZSL_TMM\sec\references.bib,"MERCEA O B, HUMMEL T, KOEPKE A S, et al. Temporal and cross-modal attention for audio-visual zero-shot learning In: Proceedings of the European Conference on Computer Vision (ECCV). 2022: 488-505."
C058,[26],26,word/document.xml / T02R13C01,4.2 Quantitative Results,table-cell,Hyper-multiple [26],Hyperbolic Audio-visual Zero-shot Learning,"Hong, Jie and Hayder, Zeeshan and Han, Junlin and Fang, Pengfei and Harandi, Mehrtash and Petersson, Lars",2023,10.1109/ICCV51070.2023.00724,hong2023hyperbolic,"old bib, verified against primary metadata",7,ref-26-crossref.json; ref-26-cvf.html,"Exact DOI metadata: title, authors and publication identity inspected.; Same title/authors/year; Word pagination independently confirmed.",identity_verified,26,source/tables/table-02-main-results.tex,306,True,,https://api.crossref.org/works/10.1109%2FICCV51070.2023.00724; https://openaccess.thecvf.com/content/ICCV2023/html/Hong_Hyperbolic_Audio-visual_Zero-shot_Learning_ICCV_2023_paper.html,2026-09-23,C:\Users\admin\Documents\GitHub\WH\论文方案\SGTG_English_Translation.docx,C:\Users\admin\Documents\GitHub\WH\论文方案\KA_GZSL_TMM\sec\references.bib,"HONG J, HAYDER Z, HAN J, et al. Hyperbolic audio-visual zero-shot learning In: Proceedings of the IEEE/CVF International Conference on Computer Vision (ICCV). 2023: 7873-7883."
C059,[6],6,word/document.xml / T02R14C01,4.2 Quantitative Results,table-cell,KDA [6],Boosting Audio-visual Zero-shot Learning with Large Language Models,"Chen, Haoxing and Li, Yaohui and Hong, Yan and Huang, Zizheng and Xu, Zhuoer and Gu, Zhangxuan and Lan, Jun and Zhu, Huijia and Wang, Weiqiang",2023,10.48550/arXiv.2311.12268,chen2023kda,"old bib, verified against primary metadata",9,ref-06-arxiv.html,"Full authors, original date, v2 date and arXiv identity.",identity_verified,6,source/tables/table-02-main-results.tex,332,True,,https://arxiv.org/abs/2311.12268v2,2026-09-23,C:\Users\admin\Documents\GitHub\WH\论文方案\SGTG_English_Translation.docx,C:\Users\admin\Documents\GitHub\WH\论文方案\KA_GZSL_TMM\sec\references.bib,"CHEN H, LI Y, HONG Y, et al. Boosting audio-visual zero-shot learning with large language models. arXiv:2311.12268, 2023 (v2, 2024). DOI: 10.48550/arXiv.2311.12268."
C060,[28],28,word/document.xml / T02R15C01,4.2 Quantitative Results,table-cell,STFT [28],Spiking Tucker Fusion Transformer for Audio-Visual Zero-Shot Learning,"Li, Wenrui and Wang, Penghong and Xiong, Ruiqin and Fan, Xiaopeng",2024,10.1109/TIP.2024.3430080,li2024stft,"old bib, verified against primary metadata",43,ref-28-crossref.json,"Exact DOI metadata: title, authors and publication identity inspected.",identity_verified,27,source/tables/table-02-main-results.tex,358,True,,https://api.crossref.org/works/10.1109%2FTIP.2024.3430080,2026-09-23,C:\Users\admin\Documents\GitHub\WH\论文方案\SGTG_English_Translation.docx,C:\Users\admin\Documents\GitHub\WH\论文方案\KA_GZSL_TMM\sec\references.bib,"LI W, WANG P, XIONG R, et al. Spiking Tucker fusion transformer for audio-visual zero-shot learning. IEEE Transactions on Image Processing, 2024. DOI: 10.1109/TIP.2024.3430080."
C061,[4],4,word/document.xml / T02R16C01,4.2 Quantitative Results,table-cell,ClipClap-GZSL [4],Audio-Visual Generalized Zero-Shot Learning using Pre-Trained Large Multi-Modal Models,"Kurzend\""{o}rfer, David and Mercea, Otniel-Bogdan and Koepke, A. Sophia and Akata, Zeynep",2024,10.1109/CVPRW63382.2024.00269,kurzendorfer2024clipclap,"old bib, verified against primary metadata",2,ref-04-crossref.json,"Exact DOI metadata: title, authors and publication identity inspected.",identity_verified,4,source/tables/table-02-main-results.tex,384,True,,https://api.crossref.org/works/10.1109%2FCVPRW63382.2024.00269,2026-09-23,C:\Users\admin\Documents\GitHub\WH\论文方案\SGTG_English_Translation.docx,C:\Users\admin\Documents\GitHub\WH\论文方案\KA_GZSL_TMM\sec\references.bib,"KURZENDÖRFER D, MERCEA O B, KOEPKE A S, et al. Audio-visual generalized zero-shot learning using pre-trained large multi-modal models In: Proceedings of the IEEE/CVF Conference on Computer Vision and Pattern Recognition Workshops (CVPRW). 2024: 2627-2638."
C062,[7],7,word/document.xml / T02R17C01,4.2 Quantitative Results,table-cell,EZ-AVGZL [7],Audio-Visual Generalized Zero-Shot Learning the Easy Way,"Mo, Shentong and Morgado, Pedro",2024,10.1007/978-3-031-73209-6_22,mo2024easy,"old bib, verified against primary metadata",12,ref-07-crossref.json; springer-year-evidence.md,"Exact DOI metadata: title, authors and publication identity inspected.; Official Springer page read via web; first-online 2024 versus Cite-as 2025.",identity_verified_year_convention_pending,7,source/tables/table-02-main-results.tex,410,True,YEAR-CONVENTION-07: Word and Crossref use 2024; Springer first-online date is 2024-11-01 but its Cite-as block uses 2025. Keep 2024 pending author confirmation.,https://api.crossref.org/works/10.1007%2F978-3-031-73209-6_22; https://link.springer.com/chapter/10.1007/978-3-031-73209-6_22,2026-09-23,C:\Users\admin\Documents\GitHub\WH\论文方案\SGTG_English_Translation.docx,C:\Users\admin\Documents\GitHub\WH\论文方案\KA_GZSL_TMM\sec\references.bib,"MO S, MORGADO P. Audio-visual generalized zero-shot learning the easy way In: Proceedings of the European Conference on Computer Vision (ECCV). 2024: 377-395. DOI: 10.1007/978-3-031-73209-6_22."
C063,[29],29,word/document.xml / T02R18C01,4.2 Quantitative Results,table-cell,MSTR [29],Multi-modal spiking tensor regression network for audio-visual zero-shot learning,"Yang, Zhe and Li, Wenrui and Hou, Jinxiu and Cheng, Guanghui",2025,10.1016/j.neucom.2025.129636,yang2025mstr,"old bib, verified against primary metadata",14,ref-29-crossref.json,"Exact DOI metadata: title, authors and publication identity inspected.",identity_verified,28,source/tables/table-02-main-results.tex,436,True,,https://api.crossref.org/works/10.1016%2Fj.neucom.2025.129636,2026-09-23,C:\Users\admin\Documents\GitHub\WH\论文方案\SGTG_English_Translation.docx,C:\Users\admin\Documents\GitHub\WH\论文方案\KA_GZSL_TMM\sec\references.bib,"YANG Z, LI W, HOU J, et al. Multi-modal spiking tensor regression network for audio-visual zero-shot learning. Neurocomputing, 2025, 629: 129636. DOI: 10.1016/j.neucom.2025.129636."
C064,[30],30,word/document.xml / T02R19C01,4.2 Quantitative Results,table-cell,MDST++ [30],Multi-Timescale Motion-Decoupled Spiking Transformer for Audio-Visual Zero-Shot Learning,"Li, Wenrui and Wang, Penghong and Wang, Xingtao and Zuo, Wangmeng and Fan, Xiaopeng and Tian, Yonghong",2025,10.1109/TCSVT.2025.3574499,li2025mdst,"old bib, verified against primary metadata",44,ref-30-crossref.json,"Exact DOI metadata: title, authors and publication identity inspected.",identity_verified,29,source/tables/table-02-main-results.tex,462,True,,https://api.crossref.org/works/10.1109%2FTCSVT.2025.3574499,2026-09-23,C:\Users\admin\Documents\GitHub\WH\论文方案\SGTG_English_Translation.docx,C:\Users\admin\Documents\GitHub\WH\论文方案\KA_GZSL_TMM\sec\references.bib,"LI W, WANG P, WANG X, et al. Multi-timescale motion-decoupled spiking transformer for audio-visual zero-shot learning. IEEE Transactions on Circuits and Systems for Video Technology, 2025. DOI: 10.1109/TCSVT.2025.3574499."
C065,[31],31,word/document.xml / T02R20C01,4.2 Quantitative Results,table-cell,SACMA [31],Self-attention and cross-modal attention for audio-visual zero-shot learning,"Yang, Jing and Li, Xiaoyong and Wu, Yuankai and Chen, Yuling and Ruan, Xiaoli and Li, Chengjiang and Hou, Qing",2026,10.1016/j.inffus.2025.103966,yang2026sacma,"old bib, verified against primary metadata",45,ref-31-crossref.json,"Exact DOI metadata: title, authors and publication identity inspected.",identity_verified,30,source/tables/table-02-main-results.tex,488,True,,https://api.crossref.org/works/10.1016%2Fj.inffus.2025.103966,2026-09-23,C:\Users\admin\Documents\GitHub\WH\论文方案\SGTG_English_Translation.docx,C:\Users\admin\Documents\GitHub\WH\论文方案\KA_GZSL_TMM\sec\references.bib,"YANG J, LI X, WU Y, et al. Self-attention and cross-modal attention for audio-visual zero-shot learning. Information Fusion, 2026, 129: 103966. DOI: 10.1016/j.inffus.2025.103966."
C066,[32],32,word/document.xml / T02R21C01,4.2 Quantitative Results,table-cell,SGPAN [32],Semantic-Guided Pseudo-Feature Attention Network for Audio-Visual Zero-Shot Learning,"Ma, Siteng and Li, Wenrui and Tang, Haocheng and Chai, Yeyu and Chu, Jisheng and Wang, Xingtao",2026,10.1109/icassp55912.2026.11463644,ma2026sgpan,Word plus primary metadata,,ref-32-crossref.json,"Exact DOI metadata: title, authors and publication identity inspected.",identity_verified,31,source/tables/table-02-main-results.tex,514,True,,https://api.crossref.org/works/10.1109%2FICASSP55912.2026.11463644,2026-09-23,C:\Users\admin\Documents\GitHub\WH\论文方案\SGTG_English_Translation.docx,,"Ma S, Li W, Tang H, et al. Semantic-Guided Pseudo-Feature Attention Network for Audio-Visual Zero-Shot Learning In: ICASSP 2026-2026 IEEE International Conference on Acoustics, Speech and Signal Processing (ICASSP). IEEE, 2026: 12497-12501."
C067,[27],27,word/document.xml / body-165,4.4 t-SNE Visualization,paragraph,"We use t-SNE [27] to analyze the audio input features, visual input features, and class-conditioned output embeddings. Class-based coloring distinguishes seen and unseen samples, allowing comparison of intra-class compactness, inter-class separation, and the relative positions of samples and class embeddings. For the output embeddings, we examine distributions conditioned on the ground-truth and predicted classes separately to distinguish class-conditioned representation structure from actual prediction behavior.",Visualizing Data using t-SNE,"van der Maaten, Laurens and Hinton, Geoffrey",2008,,maaten2008tsne,Word plus primary metadata,,ref-27-jmlr.html,"Original 2008 t-SNE paper; not old key 46, a different 2019 paper.",identity_verified,32,source/sections/04-experiments.tex,130,True,,https://jmlr.org/papers/v9/vandermaaten08a.html,2026-09-23,C:\Users\admin\Documents\GitHub\WH\论文方案\SGTG_English_Translation.docx,,"VAN DER MAATEN L, HINTON G. Visualizing data using t-SNE. Journal of Machine Learning Research, 2008, 9: 2579-2605."
MISSING-AVFS,AVFS (no citation marker in Word),,word/document.xml / T02R12C01,4.2 Quantitative Results,table-cell,AVFS,,,,,,,,,,pending_missing_citation,,source/tables/table-02-main-results.tex,279,not applicable,"REF-AVFS-01: no reference supplied; old key 6 is only a candidate, not inserted.",,2026-09-23,C:\Users\admin\Documents\GitHub\WH\论文方案\SGTG_English_Translation.docx,,
