"original_table","row","physical_column","grid_column","span","vertical_merge","cell_id","row_label","original_value","typeset_value","normalized_original_numbering","verification_status","numeric_data_cell","pdf_numeric_check","precision","emphasis","emphasis_unchanged","source_body_index","tex_file","typeset_tex"
"1","1","1","1","1","restart","T01R01C01","Dataset","Dataset","Dataset","Dataset","PASS","False","not_numeric","","textbf","True","112","source/tables/table-01-class-splits.tex","\multirow{3}{*}{\textbf{Dataset}}"
"1","1","2","2","1","restart","T01R01C02","Dataset","C","C","C","PASS","False","not_numeric","","","True","112","source/tables/table-01-class-splits.tex","\multirow{3}{*}{$C$}"
"1","1","3","3","1","restart","T01R01C03","Dataset","Cs","Cs","Cs","PASS","False","not_numeric","","","True","112","source/tables/table-01-class-splits.tex","\multirow{3}{*}{${C}_{s}$}"
"1","1","4","4","1","restart","T01R01C04","Dataset","Cu","Cu","Cu","PASS","False","not_numeric","","","True","112","source/tables/table-01-class-splits.tex","\multirow{3}{*}{${C}_{u}$}"
"1","1","5","5","3","","T01R01C05","Dataset","Stage I","Stage I","Stage I","PASS","False","not_numeric","","textbf","True","112","source/tables/table-01-class-splits.tex","\multicolumn{3}{c}{\textbf{Stage I}}"
"1","1","6","8","3","","T01R01C06","Dataset","Stage II","Stage II","Stage II","PASS","False","not_numeric","","textbf","True","112","source/tables/table-01-class-splits.tex","\multicolumn{3}{c}{\textbf{Stage II}}"
"1","2","1","1","1","continue","T01R02C01","","","","","PASS","False","not_numeric","","","True","112","source/tables/table-01-class-splits.tex",""
"1","2","2","2","1","continue","T01R02C02","","","","","PASS","False","not_numeric","","","True","112","source/tables/table-01-class-splits.tex",""
"1","2","3","3","1","continue","T01R02C03","","","","","PASS","False","not_numeric","","","True","112","source/tables/table-01-class-splits.tex",""
"1","2","4","4","1","continue","T01R02C04","","","","","PASS","False","not_numeric","","","True","112","source/tables/table-01-class-splits.tex",""
"1","2","5","5","1","","T01R02C05","","Training","Training","Training","PASS","False","not_numeric","","","True","112","source/tables/table-01-class-splits.tex","Training"
"1","2","6","6","2","","T01R02C06","","Validation","Validation","Validation","PASS","False","not_numeric","","","True","112","source/tables/table-01-class-splits.tex","\multicolumn{2}{c}{Validation}"
"1","2","7","8","1","","T01R02C07","","Training","Training","Training","PASS","False","not_numeric","","","True","112","source/tables/table-01-class-splits.tex","Training"
"1","2","8","9","2","","T01R02C08","","Test","Test","Test","PASS","False","not_numeric","","","True","112","source/tables/table-01-class-splits.tex","\multicolumn{2}{c}{Test}"
"1","3","1","1","1","continue","T01R03C01","","","","","PASS","False","not_numeric","","","True","112","source/tables/table-01-class-splits.tex",""
"1","3","2","2","1","continue","T01R03C02","","","","","PASS","False","not_numeric","","","True","112","source/tables/table-01-class-splits.tex",""
"1","3","3","3","1","continue","T01R03C03","","","","","PASS","False","not_numeric","","","True","112","source/tables/table-01-class-splits.tex",""
"1","3","4","4","1","continue","T01R03C04","","","","","PASS","False","not_numeric","","","True","112","source/tables/table-01-class-splits.tex",""
"1","3","5","5","1","","T01R03C05","","Trs","Trs","Trs","PASS","False","not_numeric","","","True","112","source/tables/table-01-class-splits.tex","${\mathrm{Tr}}_{s}$"
"1","3","6","6","1","","T01R03C06","","Vals","Vals","Vals","PASS","False","not_numeric","","","True","112","source/tables/table-01-class-splits.tex","${\mathrm{Val}}_{s}$"
"1","3","7","7","1","","T01R03C07","","Valu","Valu","Valu","PASS","False","not_numeric","","","True","112","source/tables/table-01-class-splits.tex","${\mathrm{Val}}_{u}$"
"1","3","8","8","1","","T01R03C08","","Trs","Trs","Trs","PASS","False","not_numeric","","","True","112","source/tables/table-01-class-splits.tex","${\mathrm{Tr}}_{s}$"
"1","3","9","9","1","","T01R03C09","","Tes","Tes","Tes","PASS","False","not_numeric","","","True","112","source/tables/table-01-class-splits.tex","${\mathrm{Te}}_{s}$"
"1","3","10","10","1","","T01R03C10","","Teu","Teu","Teu","PASS","False","not_numeric","","","True","112","source/tables/table-01-class-splits.tex","${\mathrm{Te}}_{u}$"
"1","4","1","1","1","","T01R04C01","VGGSound-GZSLcls","VGGSound-GZSLcls","VGGSound-GZSLcls","VGGSound-GZSLcls","PASS","False","not_numeric","","textit","True","112","source/tables/table-01-class-splits.tex","VGGSound-GZSL\textsuperscript{\textit{cls}}"
"1","4","2","2","1","","T01R04C02","VGGSound-GZSLcls","276","276","276","PASS","True","PASS_EXACT_RENDERED_STRING","0","","True","112","source/tables/table-01-class-splits.tex","276"
"1","4","3","3","1","","T01R04C03","VGGSound-GZSLcls","138","138","138","PASS","True","PASS_EXACT_RENDERED_STRING","0","","True","112","source/tables/table-01-class-splits.tex","138"
"1","4","4","4","1","","T01R04C04","VGGSound-GZSLcls","138","138","138","PASS","True","PASS_EXACT_RENDERED_STRING","0","","True","112","source/tables/table-01-class-splits.tex","138"
"1","4","5","5","1","","T01R04C05","VGGSound-GZSLcls","138","138","138","PASS","True","PASS_EXACT_RENDERED_STRING","0","","True","112","source/tables/table-01-class-splits.tex","138"
"1","4","6","6","1","","T01R04C06","VGGSound-GZSLcls","138","138","138","PASS","True","PASS_EXACT_RENDERED_STRING","0","","True","112","source/tables/table-01-class-splits.tex","138"
"1","4","7","7","1","","T01R04C07","VGGSound-GZSLcls","69","69","69","PASS","True","PASS_EXACT_RENDERED_STRING","0","","True","112","source/tables/table-01-class-splits.tex","69"
"1","4","8","8","1","","T01R04C08","VGGSound-GZSLcls","207","207","207","PASS","True","PASS_EXACT_RENDERED_STRING","0","","True","112","source/tables/table-01-class-splits.tex","207"
"1","4","9","9","1","","T01R04C09","VGGSound-GZSLcls","207","207","207","PASS","True","PASS_EXACT_RENDERED_STRING","0","","True","112","source/tables/table-01-class-splits.tex","207"
"1","4","10","10","1","","T01R04C10","VGGSound-GZSLcls","69","69","69","PASS","True","PASS_EXACT_RENDERED_STRING","0","","True","112","source/tables/table-01-class-splits.tex","69"
"1","5","1","1","1","","T01R05C01","UCF-GZSLcls","UCF-GZSLcls","UCF-GZSLcls","UCF-GZSLcls","PASS","False","not_numeric","","textit","True","112","source/tables/table-01-class-splits.tex","UCF-GZSL\textsuperscript{\textit{cls}}"
"1","5","2","2","1","","T01R05C02","UCF-GZSLcls","51","51","51","PASS","True","PASS_EXACT_RENDERED_STRING","0","","True","112","source/tables/table-01-class-splits.tex","51"
"1","5","3","3","1","","T01R05C03","UCF-GZSLcls","30","30","30","PASS","True","PASS_EXACT_RENDERED_STRING","0","","True","112","source/tables/table-01-class-splits.tex","30"
"1","5","4","4","1","","T01R05C04","UCF-GZSLcls","21","21","21","PASS","True","PASS_EXACT_RENDERED_STRING","0","","True","112","source/tables/table-01-class-splits.tex","21"
"1","5","5","5","1","","T01R05C05","UCF-GZSLcls","30","30","30","PASS","True","PASS_EXACT_RENDERED_STRING","0","","True","112","source/tables/table-01-class-splits.tex","30"
"1","5","6","6","1","","T01R05C06","UCF-GZSLcls","30","30","30","PASS","True","PASS_EXACT_RENDERED_STRING","0","","True","112","source/tables/table-01-class-splits.tex","30"
"1","5","7","7","1","","T01R05C07","UCF-GZSLcls","12","12","12","PASS","True","PASS_EXACT_RENDERED_STRING","0","","True","112","source/tables/table-01-class-splits.tex","12"
"1","5","8","8","1","","T01R05C08","UCF-GZSLcls","42","42","42","PASS","True","PASS_EXACT_RENDERED_STRING","0","","True","112","source/tables/table-01-class-splits.tex","42"
"1","5","9","9","1","","T01R05C09","UCF-GZSLcls","42","42","42","PASS","True","PASS_EXACT_RENDERED_STRING","0","","True","112","source/tables/table-01-class-splits.tex","42"
"1","5","10","10","1","","T01R05C10","UCF-GZSLcls","9","9","9","PASS","True","PASS_EXACT_RENDERED_STRING","0","","True","112","source/tables/table-01-class-splits.tex","9"
"1","6","1","1","1","","T01R06C01","ActivityNet-GZSLcls","ActivityNet-GZSLcls","ActivityNet-GZSLcls","ActivityNet-GZSLcls","PASS","False","not_numeric","","textit","True","112","source/tables/table-01-class-splits.tex","ActivityNet-GZSL\textsuperscript{\textit{cls}}"
"1","6","2","2","1","","T01R06C02","ActivityNet-GZSLcls","200","200","200","PASS","True","PASS_EXACT_RENDERED_STRING","0","","True","112","source/tables/table-01-class-splits.tex","200"
"1","6","3","3","1","","T01R06C03","ActivityNet-GZSLcls","99","99","99","PASS","True","PASS_EXACT_RENDERED_STRING","0","","True","112","source/tables/table-01-class-splits.tex","99"
"1","6","4","4","1","","T01R06C04","ActivityNet-GZSLcls","101","101","101","PASS","True","PASS_EXACT_RENDERED_STRING","0","","True","112","source/tables/table-01-class-splits.tex","101"
"1","6","5","5","1","","T01R06C05","ActivityNet-GZSLcls","99","99","99","PASS","True","PASS_EXACT_RENDERED_STRING","0","","True","112","source/tables/table-01-class-splits.tex","99"
"1","6","6","6","1","","T01R06C06","ActivityNet-GZSLcls","99","99","99","PASS","True","PASS_EXACT_RENDERED_STRING","0","","True","112","source/tables/table-01-class-splits.tex","99"
"1","6","7","7","1","","T01R06C07","ActivityNet-GZSLcls","51","51","51","PASS","True","PASS_EXACT_RENDERED_STRING","0","","True","112","source/tables/table-01-class-splits.tex","51"
"1","6","8","8","1","","T01R06C08","ActivityNet-GZSLcls","150","150","150","PASS","True","PASS_EXACT_RENDERED_STRING","0","","True","112","source/tables/table-01-class-splits.tex","150"
"1","6","9","9","1","","T01R06C09","ActivityNet-GZSLcls","150","150","150","PASS","True","PASS_EXACT_RENDERED_STRING","0","","True","112","source/tables/table-01-class-splits.tex","150"
"1","6","10","10","1","","T01R06C10","ActivityNet-GZSLcls","50","50","50","PASS","True","PASS_EXACT_RENDERED_STRING","0","","True","112","source/tables/table-01-class-splits.tex","50"
"2","1","1","1","1","restart","T02R01C01","Method","Method","Method","Method","PASS","False","not_numeric","","textbf","True","124","source/tables/table-02-main-results.tex","\multirow{2}{*}{\textbf{Method}}"
"2","1","2","2","4","","T02R01C02","Method","VGGSound-GZSLcls","VGGSound-GZSLcls","VGGSound-GZSLcls","PASS","False","not_numeric","","textbf,textit","True","124","source/tables/table-02-main-results.tex","\multicolumn{4}{c}{\textbf{VGGSound-GZSL}\textsuperscript{\textbf{\textit{cls}}}}"
"2","1","3","6","4","","T02R01C03","Method","UCF-GZSLcls","UCF-GZSLcls","UCF-GZSLcls","PASS","False","not_numeric","","textbf,textit","True","124","source/tables/table-02-main-results.tex","\multicolumn{4}{c}{\textbf{UCF-GZSL}\textsuperscript{\textbf{\textit{cls}}}}"
"2","1","4","10","4","","T02R01C04","Method","ActivityNet-GZSLcls","ActivityNet-GZSLcls","ActivityNet-GZSLcls","PASS","False","not_numeric","","textbf,textit","True","124","source/tables/table-02-main-results.tex","\multicolumn{4}{c}{\textbf{ActivityNet-GZSL}\textsuperscript{\textbf{\textit{cls}}}}"
"2","2","1","1","1","continue","T02R02C01","","","","","PASS","False","not_numeric","","","True","124","source/tables/table-02-main-results.tex",""
"2","2","2","2","1","","T02R02C02","","S","S","S","PASS","False","not_numeric","","textbf,textit","True","124","source/tables/table-02-main-results.tex","\textbf{\textit{S}}"
"2","2","3","3","1","","T02R02C03","","U","U","U","PASS","False","not_numeric","","textbf,textit","True","124","source/tables/table-02-main-results.tex","\textbf{\textit{U}}"
"2","2","4","4","1","","T02R02C04","","HM","HM","HM","PASS","False","not_numeric","","textbf","True","124","source/tables/table-02-main-results.tex","\textbf{HM}"
"2","2","5","5","1","","T02R02C05","","ZSL","ZSL","ZSL","PASS","False","not_numeric","","textbf","True","124","source/tables/table-02-main-results.tex","\textbf{ZSL}"
"2","2","6","6","1","","T02R02C06","","S","S","S","PASS","False","not_numeric","","textbf,textit","True","124","source/tables/table-02-main-results.tex","\textbf{\textit{S}}"
"2","2","7","7","1","","T02R02C07","","U","U","U","PASS","False","not_numeric","","textbf,textit","True","124","source/tables/table-02-main-results.tex","\textbf{\textit{U}}"
"2","2","8","8","1","","T02R02C08","","HM","HM","HM","PASS","False","not_numeric","","textbf","True","124","source/tables/table-02-main-results.tex","\textbf{HM}"
"2","2","9","9","1","","T02R02C09","","ZSL","ZSL","ZSL","PASS","False","not_numeric","","textbf","True","124","source/tables/table-02-main-results.tex","\textbf{ZSL}"
"2","2","10","10","1","","T02R02C10","","S","S","S","PASS","False","not_numeric","","textbf,textit","True","124","source/tables/table-02-main-results.tex","\textbf{\textit{S}}"
"2","2","11","11","1","","T02R02C11","","U","U","U","PASS","False","not_numeric","","textbf,textit","True","124","source/tables/table-02-main-results.tex","\textbf{\textit{U}}"
"2","2","12","12","1","","T02R02C12","","HM","HM","HM","PASS","False","not_numeric","","textbf","True","124","source/tables/table-02-main-results.tex","\textbf{HM}"
"2","2","13","13","1","","T02R02C13","","ZSL","ZSL","ZSL","PASS","False","not_numeric","","textbf","True","124","source/tables/table-02-main-results.tex","\textbf{ZSL}"
"2","3","1","1","1","","T02R03C01","DeViSE [21]","DeViSE [21]","DeViSE [21]","DeViSE [21]","PASS","False","not_numeric","","","True","124","source/tables/table-02-main-results.tex","DeViSE \cite{frome2013devise}"
"2","3","2","2","1","","T02R03C02","DeViSE [21]","36.22","36.22","36.22","PASS","True","PASS_EXACT_RENDERED_STRING","2","","True","124","source/tables/table-02-main-results.tex","\SGTGnum{36.22}"
"2","3","3","3","1","","T02R03C03","DeViSE [21]","1.07","1.07","1.07","PASS","True","PASS_EXACT_RENDERED_STRING","2","","True","124","source/tables/table-02-main-results.tex","\SGTGnum{1.07}"
"2","3","4","4","1","","T02R03C04","DeViSE [21]","2.08","2.08","2.08","PASS","True","PASS_EXACT_RENDERED_STRING","2","","True","124","source/tables/table-02-main-results.tex","\SGTGnum{2.08}"
"2","3","5","5","1","","T02R03C05","DeViSE [21]","5.59","5.59","5.59","PASS","True","PASS_EXACT_RENDERED_STRING","2","","True","124","source/tables/table-02-main-results.tex","\SGTGnum{5.59}"
"2","3","6","6","1","","T02R03C06","DeViSE [21]","55.59","55.59","55.59","PASS","True","PASS_EXACT_RENDERED_STRING","2","","True","124","source/tables/table-02-main-results.tex","\SGTGnum{55.59}"
"2","3","7","7","1","","T02R03C07","DeViSE [21]","14.94","14.94","14.94","PASS","True","PASS_EXACT_RENDERED_STRING","2","","True","124","source/tables/table-02-main-results.tex","\SGTGnum{14.94}"
"2","3","8","8","1","","T02R03C08","DeViSE [21]","23.56","23.56","23.56","PASS","True","PASS_EXACT_RENDERED_STRING","2","","True","124","source/tables/table-02-main-results.tex","\SGTGnum{23.56}"
"2","3","9","9","1","","T02R03C09","DeViSE [21]","16.09","16.09","16.09","PASS","True","PASS_EXACT_RENDERED_STRING","2","","True","124","source/tables/table-02-main-results.tex","\SGTGnum{16.09}"
"2","3","10","10","1","","T02R03C10","DeViSE [21]","3.45","3.45","3.45","PASS","True","PASS_EXACT_RENDERED_STRING","2","","True","124","source/tables/table-02-main-results.tex","\SGTGnum{3.45}"
"2","3","11","11","1","","T02R03C11","DeViSE [21]","8.53","8.53","8.53","PASS","True","PASS_EXACT_RENDERED_STRING","2","","True","124","source/tables/table-02-main-results.tex","\SGTGnum{8.53}"
"2","3","12","12","1","","T02R03C12","DeViSE [21]","4.91","4.91","4.91","PASS","True","PASS_EXACT_RENDERED_STRING","2","","True","124","source/tables/table-02-main-results.tex","\SGTGnum{4.91}"
"2","3","13","13","1","","T02R03C13","DeViSE [21]","8.53","8.53","8.53","PASS","True","PASS_EXACT_RENDERED_STRING","2","","True","124","source/tables/table-02-main-results.tex","\SGTGnum{8.53}"
"2","4","1","1","1","","T02R04C01","ALE [22]","ALE [22]","ALE [22]","ALE [22]","PASS","False","not_numeric","","","True","124","source/tables/table-02-main-results.tex","ALE \cite{akata2016ale}"
"2","4","2","2","1","","T02R04C02","ALE [22]","0.28","0.28","0.28","PASS","True","PASS_EXACT_RENDERED_STRING","2","","True","124","source/tables/table-02-main-results.tex","\SGTGnum{0.28}"
"2","4","3","3","1","","T02R04C03","ALE [22]","5.48","5.48","5.48","PASS","True","PASS_EXACT_RENDERED_STRING","2","","True","124","source/tables/table-02-main-results.tex","\SGTGnum{5.48}"
"2","4","4","4","1","","T02R04C04","ALE [22]","0.53","0.53","0.53","PASS","True","PASS_EXACT_RENDERED_STRING","2","","True","124","source/tables/table-02-main-results.tex","\SGTGnum{0.53}"
"2","4","5","5","1","","T02R04C05","ALE [22]","5.48","5.48","5.48","PASS","True","PASS_EXACT_RENDERED_STRING","2","","True","124","source/tables/table-02-main-results.tex","\SGTGnum{5.48}"
"2","4","6","6","1","","T02R04C06","ALE [22]","57.59","57.59","57.59","PASS","True","PASS_EXACT_RENDERED_STRING","2","","True","124","source/tables/table-02-main-results.tex","\SGTGnum{57.59}"
"2","4","7","7","1","","T02R04C07","ALE [22]","14.89","14.89","14.89","PASS","True","PASS_EXACT_RENDERED_STRING","2","","True","124","source/tables/table-02-main-results.tex","\SGTGnum{14.89}"
"2","4","8","8","1","","T02R04C08","ALE [22]","23.66","23.66","23.66","PASS","True","PASS_EXACT_RENDERED_STRING","2","","True","124","source/tables/table-02-main-results.tex","\SGTGnum{23.66}"
"2","4","9","9","1","","T02R04C09","ALE [22]","16.32","16.32","16.32","PASS","True","PASS_EXACT_RENDERED_STRING","2","","True","124","source/tables/table-02-main-results.tex","\SGTGnum{16.32}"
"2","4","10","10","1","","T02R04C10","ALE [22]","2.63","2.63","2.63","PASS","True","PASS_EXACT_RENDERED_STRING","2","","True","124","source/tables/table-02-main-results.tex","\SGTGnum{2.63}"
"2","4","11","11","1","","T02R04C11","ALE [22]","7.87","7.87","7.87","PASS","True","PASS_EXACT_RENDERED_STRING","2","","True","124","source/tables/table-02-main-results.tex","\SGTGnum{7.87}"
"2","4","12","12","1","","T02R04C12","ALE [22]","3.94","3.94","3.94","PASS","True","PASS_EXACT_RENDERED_STRING","2","","True","124","source/tables/table-02-main-results.tex","\SGTGnum{3.94}"
"2","4","13","13","1","","T02R04C13","ALE [22]","7.90","7.90","7.90","PASS","True","PASS_EXACT_RENDERED_STRING","2","","True","124","source/tables/table-02-main-results.tex","\SGTGnum{7.90}"
"2","5","1","1","1","","T02R05C01","SJE [23]","SJE [23]","SJE [23]","SJE [23]","PASS","False","not_numeric","","","True","124","source/tables/table-02-main-results.tex","SJE \cite{akata2015sje}"
"2","5","2","2","1","","T02R05C02","SJE [23]","48.33","48.33","48.33","PASS","True","PASS_EXACT_RENDERED_STRING","2","","True","124","source/tables/table-02-main-results.tex","\SGTGnum{48.33}"
"2","5","3","3","1","","T02R05C03","SJE [23]","1.10","1.10","1.10","PASS","True","PASS_EXACT_RENDERED_STRING","2","","True","124","source/tables/table-02-main-results.tex","\SGTGnum{1.10}"
"2","5","4","4","1","","T02R05C04","SJE [23]","2.15","2.15","2.15","PASS","True","PASS_EXACT_RENDERED_STRING","2","","True","124","source/tables/table-02-main-results.tex","\SGTGnum{2.15}"
"2","5","5","5","1","","T02R05C05","SJE [23]","4.06","4.06","4.06","PASS","True","PASS_EXACT_RENDERED_STRING","2","","True","124","source/tables/table-02-main-results.tex","\SGTGnum{4.06}"
"2","5","6","6","1","","T02R05C06","SJE [23]","63.10","63.10","63.10","PASS","True","PASS_EXACT_RENDERED_STRING","2","","True","124","source/tables/table-02-main-results.tex","\SGTGnum{63.10}"
"2","5","7","7","1","","T02R05C07","SJE [23]","16.77","16.77","16.77","PASS","True","PASS_EXACT_RENDERED_STRING","2","","True","124","source/tables/table-02-main-results.tex","\SGTGnum{16.77}"
"2","5","8","8","1","","T02R05C08","SJE [23]","26.50","26.50","26.50","PASS","True","PASS_EXACT_RENDERED_STRING","2","","True","124","source/tables/table-02-main-results.tex","\SGTGnum{26.50}"
"2","5","9","9","1","","T02R05C09","SJE [23]","18.93","18.93","18.93","PASS","True","PASS_EXACT_RENDERED_STRING","2","","True","124","source/tables/table-02-main-results.tex","\SGTGnum{18.93}"
"2","5","10","10","1","","T02R05C10","SJE [23]","4.61","4.61","4.61","PASS","True","PASS_EXACT_RENDERED_STRING","2","","True","124","source/tables/table-02-main-results.tex","\SGTGnum{4.61}"
"2","5","11","11","1","","T02R05C11","SJE [23]","7.04","7.04","7.04","PASS","True","PASS_EXACT_RENDERED_STRING","2","","True","124","source/tables/table-02-main-results.tex","\SGTGnum{7.04}"
"2","5","12","12","1","","T02R05C12","SJE [23]","5.57","5.57","5.57","PASS","True","PASS_EXACT_RENDERED_STRING","2","","True","124","source/tables/table-02-main-results.tex","\SGTGnum{5.57}"
"2","5","13","13","1","","T02R05C13","SJE [23]","7.08","7.08","7.08","PASS","True","PASS_EXACT_RENDERED_STRING","2","","True","124","source/tables/table-02-main-results.tex","\SGTGnum{7.08}"
"2","6","1","1","1","","T02R06C01","f-VAEGAN-D2 [25]","f-VAEGAN-D2 [25]","f-VAEGAN-D2 [25]","f-VAEGAN-D2 [25]","PASS","False","not_numeric","","","True","124","source/tables/table-02-main-results.tex","f-VAEGAN-D2 \cite{xian2019fvaegan}"
"2","6","2","2","1","","T02R06C02","f-VAEGAN-D2 [25]","12.77","12.77","12.77","PASS","True","PASS_EXACT_RENDERED_STRING","2","","True","124","source/tables/table-02-main-results.tex","\SGTGnum{12.77}"
"2","6","3","3","1","","T02R06C03","f-VAEGAN-D2 [25]","0.95","0.95","0.95","PASS","True","PASS_EXACT_RENDERED_STRING","2","","True","124","source/tables/table-02-main-results.tex","\SGTGnum{0.95}"
"2","6","4","4","1","","T02R06C04","f-VAEGAN-D2 [25]","1.77","1.77","1.77","PASS","True","PASS_EXACT_RENDERED_STRING","2","","True","124","source/tables/table-02-main-results.tex","\SGTGnum{1.77}"
"2","6","5","5","1","","T02R06C05","f-VAEGAN-D2 [25]","1.91","1.91","1.91","PASS","True","PASS_EXACT_RENDERED_STRING","2","","True","124","source/tables/table-02-main-results.tex","\SGTGnum{1.91}"
"2","6","6","6","1","","T02R06C06","f-VAEGAN-D2 [25]","17.29","17.29","17.29","PASS","True","PASS_EXACT_RENDERED_STRING","2","","True","124","source/tables/table-02-main-results.tex","\SGTGnum{17.29}"
"2","6","7","7","1","","T02R06C07","f-VAEGAN-D2 [25]","8.47","8.47","8.47","PASS","True","PASS_EXACT_RENDERED_STRING","2","","True","124","source/tables/table-02-main-results.tex","\SGTGnum{8.47}"
"2","6","8","8","1","","T02R06C08","f-VAEGAN-D2 [25]","11.37","11.37","11.37","PASS","True","PASS_EXACT_RENDERED_STRING","2","","True","124","source/tables/table-02-main-results.tex","\SGTGnum{11.37}"
"2","6","9","9","1","","T02R06C09","f-VAEGAN-D2 [25]","11.11","11.11","11.11","PASS","True","PASS_EXACT_RENDERED_STRING","2","","True","124","source/tables/table-02-main-results.tex","\SGTGnum{11.11}"
"2","6","10","10","1","","T02R06C10","f-VAEGAN-D2 [25]","4.36","4.36","4.36","PASS","True","PASS_EXACT_RENDERED_STRING","2","","True","124","source/tables/table-02-main-results.tex","\SGTGnum{4.36}"
"2","6","11","11","1","","T02R06C11","f-VAEGAN-D2 [25]","2.14","2.14","2.14","PASS","True","PASS_EXACT_RENDERED_STRING","2","","True","124","source/tables/table-02-main-results.tex","\SGTGnum{2.14}"
"2","6","12","12","1","","T02R06C12","f-VAEGAN-D2 [25]","2.87","2.87","2.87","PASS","True","PASS_EXACT_RENDERED_STRING","2","","True","124","source/tables/table-02-main-results.tex","\SGTGnum{2.87}"
"2","6","13","13","1","","T02R06C13","f-VAEGAN-D2 [25]","2.40","2.40","2.40","PASS","True","PASS_EXACT_RENDERED_STRING","2","","True","124","source/tables/table-02-main-results.tex","\SGTGnum{2.40}"
"2","7","1","1","1","","T02R07C01","APN [24]","APN [24]","APN [24]","APN [24]","PASS","False","not_numeric","","","True","124","source/tables/table-02-main-results.tex","APN \cite{xu2020apn}"
"2","7","2","2","1","","T02R07C02","APN [24]","7.48","7.48","7.48","PASS","True","PASS_EXACT_RENDERED_STRING","2","","True","124","source/tables/table-02-main-results.tex","\SGTGnum{7.48}"
"2","7","3","3","1","","T02R07C03","APN [24]","3.88","3.88","3.88","PASS","True","PASS_EXACT_RENDERED_STRING","2","","True","124","source/tables/table-02-main-results.tex","\SGTGnum{3.88}"
"2","7","4","4","1","","T02R07C04","APN [24]","5.11","5.11","5.11","PASS","True","PASS_EXACT_RENDERED_STRING","2","","True","124","source/tables/table-02-main-results.tex","\SGTGnum{5.11}"
"2","7","5","5","1","","T02R07C05","APN [24]","4.49","4.49","4.49","PASS","True","PASS_EXACT_RENDERED_STRING","2","","True","124","source/tables/table-02-main-results.tex","\SGTGnum{4.49}"
"2","7","6","6","1","","T02R07C06","APN [24]","28.46","28.46","28.46","PASS","True","PASS_EXACT_RENDERED_STRING","2","","True","124","source/tables/table-02-main-results.tex","\SGTGnum{28.46}"
"2","7","7","7","1","","T02R07C07","APN [24]","16.16","16.16","16.16","PASS","True","PASS_EXACT_RENDERED_STRING","2","","True","124","source/tables/table-02-main-results.tex","\SGTGnum{16.16}"
"2","7","8","8","1","","T02R07C08","APN [24]","20.61","20.61","20.61","PASS","True","PASS_EXACT_RENDERED_STRING","2","","True","124","source/tables/table-02-main-results.tex","\SGTGnum{20.61}"
"2","7","9","9","1","","T02R07C09","APN [24]","16.44","16.44","16.44","PASS","True","PASS_EXACT_RENDERED_STRING","2","","True","124","source/tables/table-02-main-results.tex","\SGTGnum{16.44}"
"2","7","10","10","1","","T02R07C10","APN [24]","9.84","9.84","9.84","PASS","True","PASS_EXACT_RENDERED_STRING","2","","True","124","source/tables/table-02-main-results.tex","\SGTGnum{9.84}"
"2","7","11","11","1","","T02R07C11","APN [24]","5.76","5.76","5.76","PASS","True","PASS_EXACT_RENDERED_STRING","2","","True","124","source/tables/table-02-main-results.tex","\SGTGnum{5.76}"
"2","7","12","12","1","","T02R07C12","APN [24]","7.27","7.27","7.27","PASS","True","PASS_EXACT_RENDERED_STRING","2","","True","124","source/tables/table-02-main-results.tex","\SGTGnum{7.27}"
"2","7","13","13","1","","T02R07C13","APN [24]","6.34","6.34","6.34","PASS","True","PASS_EXACT_RENDERED_STRING","2","","True","124","source/tables/table-02-main-results.tex","\SGTGnum{6.34}"
"2","8","1","1","1","","T02R08C01","CJME [1]","CJME [1]","CJME [1]","CJME [1]","PASS","False","not_numeric","","","True","124","source/tables/table-02-main-results.tex","CJME \cite{parida2020cjme}"
"2","8","2","2","1","","T02R08C02","CJME [1]","11.96","11.96","11.96","PASS","True","PASS_EXACT_RENDERED_STRING","2","","True","124","source/tables/table-02-main-results.tex","\SGTGnum{11.96}"
"2","8","3","3","1","","T02R08C03","CJME [1]","5.41","5.41","5.41","PASS","True","PASS_EXACT_RENDERED_STRING","2","","True","124","source/tables/table-02-main-results.tex","\SGTGnum{5.41}"
"2","8","4","4","1","","T02R08C04","CJME [1]","7.45","7.45","7.45","PASS","True","PASS_EXACT_RENDERED_STRING","2","","True","124","source/tables/table-02-main-results.tex","\SGTGnum{7.45}"
"2","8","5","5","1","","T02R08C05","CJME [1]","6.84","6.84","6.84","PASS","True","PASS_EXACT_RENDERED_STRING","2","","True","124","source/tables/table-02-main-results.tex","\SGTGnum{6.84}"
"2","8","6","6","1","","T02R08C06","CJME [1]","48.18","48.18","48.18","PASS","True","PASS_EXACT_RENDERED_STRING","2","","True","124","source/tables/table-02-main-results.tex","\SGTGnum{48.18}"
"2","8","7","7","1","","T02R08C07","CJME [1]","17.68","17.68","17.68","PASS","True","PASS_EXACT_RENDERED_STRING","2","","True","124","source/tables/table-02-main-results.tex","\SGTGnum{17.68}"
"2","8","8","8","1","","T02R08C08","CJME [1]","25.87","25.87","25.87","PASS","True","PASS_EXACT_RENDERED_STRING","2","","True","124","source/tables/table-02-main-results.tex","\SGTGnum{25.87}"
"2","8","9","9","1","","T02R08C09","CJME [1]","20.46","20.46","20.46","PASS","True","PASS_EXACT_RENDERED_STRING","2","","True","124","source/tables/table-02-main-results.tex","\SGTGnum{20.46}"
"2","8","10","10","1","","T02R08C10","CJME [1]","16.06","16.06","16.06","PASS","True","PASS_EXACT_RENDERED_STRING","2","","True","124","source/tables/table-02-main-results.tex","\SGTGnum{16.06}"
"2","8","11","11","1","","T02R08C11","CJME [1]","9.13","9.13","9.13","PASS","True","PASS_EXACT_RENDERED_STRING","2","","True","124","source/tables/table-02-main-results.tex","\SGTGnum{9.13}"
"2","8","12","12","1","","T02R08C12","CJME [1]","11.64","11.64","11.64","PASS","True","PASS_EXACT_RENDERED_STRING","2","","True","124","source/tables/table-02-main-results.tex","\SGTGnum{11.64}"
"2","8","13","13","1","","T02R08C13","CJME [1]","9.92","9.92","9.92","PASS","True","PASS_EXACT_RENDERED_STRING","2","","True","124","source/tables/table-02-main-results.tex","\SGTGnum{9.92}"
"2","9","1","1","1","","T02R09C01","AVGZSLNet [2]","AVGZSLNet [2]","AVGZSLNet [2]","AVGZSLNet [2]","PASS","False","not_numeric","","","True","124","source/tables/table-02-main-results.tex","AVGZSLNet \cite{mazumder2021avgzslnet}"
"2","9","2","2","1","","T02R09C02","AVGZSLNet [2]","13.02","13.02","13.02","PASS","True","PASS_EXACT_RENDERED_STRING","2","","True","124","source/tables/table-02-main-results.tex","\SGTGnum{13.02}"
"2","9","3","3","1","","T02R09C03","AVGZSLNet [2]","2.88","2.88","2.88","PASS","True","PASS_EXACT_RENDERED_STRING","2","","True","124","source/tables/table-02-main-results.tex","\SGTGnum{2.88}"
"2","9","4","4","1","","T02R09C04","AVGZSLNet [2]","4.71","4.71","4.71","PASS","True","PASS_EXACT_RENDERED_STRING","2","","True","124","source/tables/table-02-main-results.tex","\SGTGnum{4.71}"
"2","9","5","5","1","","T02R09C05","AVGZSLNet [2]","5.44","5.44","5.44","PASS","True","PASS_EXACT_RENDERED_STRING","2","","True","124","source/tables/table-02-main-results.tex","\SGTGnum{5.44}"
"2","9","6","6","1","","T02R09C06","AVGZSLNet [2]","56.26","56.26","56.26","PASS","True","PASS_EXACT_RENDERED_STRING","2","","True","124","source/tables/table-02-main-results.tex","\SGTGnum{56.26}"
"2","9","7","7","1","","T02R09C07","AVGZSLNet [2]","34.37","34.37","34.37","PASS","True","PASS_EXACT_RENDERED_STRING","2","","True","124","source/tables/table-02-main-results.tex","\SGTGnum{34.37}"
"2","9","8","8","1","","T02R09C08","AVGZSLNet [2]","42.67","42.67","42.67","PASS","True","PASS_EXACT_RENDERED_STRING","2","","True","124","source/tables/table-02-main-results.tex","\SGTGnum{42.67}"
"2","9","9","9","1","","T02R09C09","AVGZSLNet [2]","35.66","35.66","35.66","PASS","True","PASS_EXACT_RENDERED_STRING","2","","True","124","source/tables/table-02-main-results.tex","\SGTGnum{35.66}"
"2","9","10","10","1","","T02R09C10","AVGZSLNet [2]","14.81","14.81","14.81","PASS","True","PASS_EXACT_RENDERED_STRING","2","","True","124","source/tables/table-02-main-results.tex","\SGTGnum{14.81}"
"2","9","11","11","1","","T02R09C11","AVGZSLNet [2]","11.11","11.11","11.11","PASS","True","PASS_EXACT_RENDERED_STRING","2","","True","124","source/tables/table-02-main-results.tex","\SGTGnum{11.11}"
"2","9","12","12","1","","T02R09C12","AVGZSLNet [2]","12.70","12.70","12.70","PASS","True","PASS_EXACT_RENDERED_STRING","2","","True","124","source/tables/table-02-main-results.tex","\SGTGnum{12.70}"
"2","9","13","13","1","","T02R09C13","AVGZSLNet [2]","12.39","12.39","12.39","PASS","True","PASS_EXACT_RENDERED_STRING","2","","True","124","source/tables/table-02-main-results.tex","\SGTGnum{12.39}"
"2","10","1","1","1","","T02R10C01","AVCA [3]","AVCA [3]","AVCA [3]","AVCA [3]","PASS","False","not_numeric","","","True","124","source/tables/table-02-main-results.tex","AVCA \cite{mercea2022avca}"
"2","10","2","2","1","","T02R10C02","AVCA [3]","32.47","32.47","32.47","PASS","True","PASS_EXACT_RENDERED_STRING","2","","True","124","source/tables/table-02-main-results.tex","\SGTGnum{32.47}"
"2","10","3","3","1","","T02R10C03","AVCA [3]","6.81","6.81","6.81","PASS","True","PASS_EXACT_RENDERED_STRING","2","","True","124","source/tables/table-02-main-results.tex","\SGTGnum{6.81}"
"2","10","4","4","1","","T02R10C04","AVCA [3]","11.26","11.26","11.26","PASS","True","PASS_EXACT_RENDERED_STRING","2","","True","124","source/tables/table-02-main-results.tex","\SGTGnum{11.26}"
"2","10","5","5","1","","T02R10C05","AVCA [3]","8.16","8.16","8.16","PASS","True","PASS_EXACT_RENDERED_STRING","2","","True","124","source/tables/table-02-main-results.tex","\SGTGnum{8.16}"
"2","10","6","6","1","","T02R10C06","AVCA [3]","34.90","34.90","34.90","PASS","True","PASS_EXACT_RENDERED_STRING","2","","True","124","source/tables/table-02-main-results.tex","\SGTGnum{34.90}"
"2","10","7","7","1","","T02R10C07","AVCA [3]","38.67","38.67","38.67","PASS","True","PASS_EXACT_RENDERED_STRING","2","","True","124","source/tables/table-02-main-results.tex","\SGTGnum{38.67}"
"2","10","8","8","1","","T02R10C08","AVCA [3]","36.69","36.69","36.69","PASS","True","PASS_EXACT_RENDERED_STRING","2","","True","124","source/tables/table-02-main-results.tex","\SGTGnum{36.69}"
"2","10","9","9","1","","T02R10C09","AVCA [3]","38.67","38.67","38.67","PASS","True","PASS_EXACT_RENDERED_STRING","2","","True","124","source/tables/table-02-main-results.tex","\SGTGnum{38.67}"
"2","10","10","10","1","","T02R10C10","AVCA [3]","24.04","24.04","24.04","PASS","True","PASS_EXACT_RENDERED_STRING","2","","True","124","source/tables/table-02-main-results.tex","\SGTGnum{24.04}"
"2","10","11","11","1","","T02R10C11","AVCA [3]","19.88","19.88","19.88","PASS","True","PASS_EXACT_RENDERED_STRING","2","","True","124","source/tables/table-02-main-results.tex","\SGTGnum{19.88}"
"2","10","12","12","1","","T02R10C12","AVCA [3]","21.76","21.76","21.76","PASS","True","PASS_EXACT_RENDERED_STRING","2","","True","124","source/tables/table-02-main-results.tex","\SGTGnum{21.76}"
"2","10","13","13","1","","T02R10C13","AVCA [3]","20.88","20.88","20.88","PASS","True","PASS_EXACT_RENDERED_STRING","2","","True","124","source/tables/table-02-main-results.tex","\SGTGnum{20.88}"
"2","11","1","1","1","","T02R11C01","TCaF [5]","TCaF [5]","TCaF [5]","TCaF [5]","PASS","False","not_numeric","","","True","124","source/tables/table-02-main-results.tex","TCaF \cite{mercea2022tcaf}"
"2","11","2","2","1","","T02R11C02","TCaF [5]","12.63","12.63","12.63","PASS","True","PASS_EXACT_RENDERED_STRING","2","","True","124","source/tables/table-02-main-results.tex","\SGTGnum{12.63}"
"2","11","3","3","1","","T02R11C03","TCaF [5]","6.72","6.72","6.72","PASS","True","PASS_EXACT_RENDERED_STRING","2","","True","124","source/tables/table-02-main-results.tex","\SGTGnum{6.72}"
"2","11","4","4","1","","T02R11C04","TCaF [5]","8.77","8.77","8.77","PASS","True","PASS_EXACT_RENDERED_STRING","2","","True","124","source/tables/table-02-main-results.tex","\SGTGnum{8.77}"
"2","11","5","5","1","","T02R11C05","TCaF [5]","7.41","7.41","7.41","PASS","True","PASS_EXACT_RENDERED_STRING","2","","True","124","source/tables/table-02-main-results.tex","\SGTGnum{7.41}"
"2","11","6","6","1","","T02R11C06","TCaF [5]","67.14","67.14","67.14","PASS","True","PASS_EXACT_RENDERED_STRING","2","","True","124","source/tables/table-02-main-results.tex","\SGTGnum{67.14}"
"2","11","7","7","1","","T02R11C07","TCaF [5]","40.83","40.83","40.83","PASS","True","PASS_EXACT_RENDERED_STRING","2","","True","124","source/tables/table-02-main-results.tex","\SGTGnum{40.83}"
"2","11","8","8","1","","T02R11C08","TCaF [5]","50.78","50.78","50.78","PASS","True","PASS_EXACT_RENDERED_STRING","2","","True","124","source/tables/table-02-main-results.tex","\SGTGnum{50.78}"
"2","11","9","9","1","","T02R11C09","TCaF [5]","44.64","44.64","44.64","PASS","True","PASS_EXACT_RENDERED_STRING","2","","True","124","source/tables/table-02-main-results.tex","\SGTGnum{44.64}"
"2","11","10","10","1","","T02R11C10","TCaF [5]","30.12","30.12","30.12","PASS","True","PASS_EXACT_RENDERED_STRING","2","","True","124","source/tables/table-02-main-results.tex","\SGTGnum{30.12}"
"2","11","11","11","1","","T02R11C11","TCaF [5]","7.65","7.65","7.65","PASS","True","PASS_EXACT_RENDERED_STRING","2","","True","124","source/tables/table-02-main-results.tex","\SGTGnum{7.65}"
"2","11","12","12","1","","T02R11C12","TCaF [5]","12.20","12.20","12.20","PASS","True","PASS_EXACT_RENDERED_STRING","2","","True","124","source/tables/table-02-main-results.tex","\SGTGnum{12.20}"
"2","11","13","13","1","","T02R11C13","TCaF [5]","7.96","7.96","7.96","PASS","True","PASS_EXACT_RENDERED_STRING","2","","True","124","source/tables/table-02-main-results.tex","\SGTGnum{7.96}"
"2","12","1","1","1","","T02R12C01","AVFS","AVFS","AVFS","AVFS","PASS","False","not_numeric","","","True","124","source/tables/table-02-main-results.tex","AVFS"
"2","12","2","2","1","","T02R12C02","AVFS","15.62","15.62","15.62","PASS","True","PASS_EXACT_RENDERED_STRING","2","","True","124","source/tables/table-02-main-results.tex","\SGTGnum{15.62}"
"2","12","3","3","1","","T02R12C03","AVFS","6.00","6.00","6.00","PASS","True","PASS_EXACT_RENDERED_STRING","2","","True","124","source/tables/table-02-main-results.tex","\SGTGnum{6.00}"
"2","12","4","4","1","","T02R12C04","AVFS","8.67","8.67","8.67","PASS","True","PASS_EXACT_RENDERED_STRING","2","","True","124","source/tables/table-02-main-results.tex","\SGTGnum{8.67}"
"2","12","5","5","1","","T02R12C05","AVFS","7.31","7.31","7.31","PASS","True","PASS_EXACT_RENDERED_STRING","2","","True","124","source/tables/table-02-main-results.tex","\SGTGnum{7.31}"
"2","12","6","6","1","","T02R12C06","AVFS","54.57","54.57","54.57","PASS","True","PASS_EXACT_RENDERED_STRING","2","","True","124","source/tables/table-02-main-results.tex","\SGTGnum{54.57}"
"2","12","7","7","1","","T02R12C07","AVFS","36.94","36.94","36.94","PASS","True","PASS_EXACT_RENDERED_STRING","2","","True","124","source/tables/table-02-main-results.tex","\SGTGnum{36.94}"
"2","12","8","8","1","","T02R12C08","AVFS","44.06","44.06","44.06","PASS","True","PASS_EXACT_RENDERED_STRING","2","","True","124","source/tables/table-02-main-results.tex","\SGTGnum{44.06}"
"2","12","9","9","1","","T02R12C09","AVFS","41.55","41.55","41.55","PASS","True","PASS_EXACT_RENDERED_STRING","2","","True","124","source/tables/table-02-main-results.tex","\SGTGnum{41.55}"
"2","12","10","10","1","","T02R12C10","AVFS","14.41","14.41","14.41","PASS","True","PASS_EXACT_RENDERED_STRING","2","","True","124","source/tables/table-02-main-results.tex","\SGTGnum{14.41}"
"2","12","11","11","1","","T02R12C11","AVFS","8.91","8.91","8.91","PASS","True","PASS_EXACT_RENDERED_STRING","2","","True","124","source/tables/table-02-main-results.tex","\SGTGnum{8.91}"
"2","12","12","12","1","","T02R12C12","AVFS","11.01","11.01","11.01","PASS","True","PASS_EXACT_RENDERED_STRING","2","","True","124","source/tables/table-02-main-results.tex","\SGTGnum{11.01}"
"2","12","13","13","1","","T02R12C13","AVFS","9.15","9.15","9.15","PASS","True","PASS_EXACT_RENDERED_STRING","2","","True","124","source/tables/table-02-main-results.tex","\SGTGnum{9.15}"
"2","13","1","1","1","","T02R13C01","Hyper-multiple [26]","Hyper-multiple [26]","Hyper-multiple [26]","Hyper-multiple [26]","PASS","False","not_numeric","","","True","124","source/tables/table-02-main-results.tex","Hyper-multiple \cite{hong2023hyperbolic}"
"2","13","2","2","1","","T02R13C02","Hyper-multiple [26]","21.99","21.99","21.99","PASS","True","PASS_EXACT_RENDERED_STRING","2","","True","124","source/tables/table-02-main-results.tex","\SGTGnum{21.99}"
"2","13","3","3","1","","T02R13C03","Hyper-multiple [26]","8.12","8.12","8.12","PASS","True","PASS_EXACT_RENDERED_STRING","2","","True","124","source/tables/table-02-main-results.tex","\SGTGnum{8.12}"
"2","13","4","4","1","","T02R13C04","Hyper-multiple [26]","11.87","11.87","11.87","PASS","True","PASS_EXACT_RENDERED_STRING","2","","True","124","source/tables/table-02-main-results.tex","\SGTGnum{11.87}"
"2","13","5","5","1","","T02R13C05","Hyper-multiple [26]","8.47","8.47","8.47","PASS","True","PASS_EXACT_RENDERED_STRING","2","","True","124","source/tables/table-02-main-results.tex","\SGTGnum{8.47}"
"2","13","6","6","1","","T02R13C06","Hyper-multiple [26]","43.52","43.52","43.52","PASS","True","PASS_EXACT_RENDERED_STRING","2","","True","124","source/tables/table-02-main-results.tex","\SGTGnum{43.52}"
"2","13","7","7","1","","T02R13C07","Hyper-multiple [26]","39.77","39.77","39.77","PASS","True","PASS_EXACT_RENDERED_STRING","2","","True","124","source/tables/table-02-main-results.tex","\SGTGnum{39.77}"
"2","13","8","8","1","","T02R13C08","Hyper-multiple [26]","41.56","41.56","41.56","PASS","True","PASS_EXACT_RENDERED_STRING","2","","True","124","source/tables/table-02-main-results.tex","\SGTGnum{41.56}"
"2","13","9","9","1","","T02R13C09","Hyper-multiple [26]","40.28","40.28","40.28","PASS","True","PASS_EXACT_RENDERED_STRING","2","","True","124","source/tables/table-02-main-results.tex","\SGTGnum{40.28}"
"2","13","10","10","1","","T02R13C10","Hyper-multiple [26]","20.52","20.52","20.52","PASS","True","PASS_EXACT_RENDERED_STRING","2","","True","124","source/tables/table-02-main-results.tex","\SGTGnum{20.52}"
"2","13","11","11","1","","T02R13C11","Hyper-multiple [26]","21.30","21.30","21.30","PASS","True","PASS_EXACT_RENDERED_STRING","2","","True","124","source/tables/table-02-main-results.tex","\SGTGnum{21.30}"
"2","13","12","12","1","","T02R13C12","Hyper-multiple [26]","20.90","20.90","20.90","PASS","True","PASS_EXACT_RENDERED_STRING","2","","True","124","source/tables/table-02-main-results.tex","\SGTGnum{20.90}"
"2","13","13","13","1","","T02R13C13","Hyper-multiple [26]","22.18","22.18","22.18","PASS","True","PASS_EXACT_RENDERED_STRING","2","","True","124","source/tables/table-02-main-results.tex","\SGTGnum{22.18}"
"2","14","1","1","1","","T02R14C01","KDA [6]","KDA [6]","KDA [6]","KDA [6]","PASS","False","not_numeric","","","True","124","source/tables/table-02-main-results.tex","KDA \cite{chen2023kda}"
"2","14","2","2","1","","T02R14C02","KDA [6]","13.30","13.30","13.30","PASS","True","PASS_EXACT_RENDERED_STRING","2","","True","124","source/tables/table-02-main-results.tex","\SGTGnum{13.30}"
"2","14","3","3","1","","T02R14C03","KDA [6]","7.74","7.74","7.74","PASS","True","PASS_EXACT_RENDERED_STRING","2","","True","124","source/tables/table-02-main-results.tex","\SGTGnum{7.74}"
"2","14","4","4","1","","T02R14C04","KDA [6]","9.78","9.78","9.78","PASS","True","PASS_EXACT_RENDERED_STRING","2","","True","124","source/tables/table-02-main-results.tex","\SGTGnum{9.78}"
"2","14","5","5","1","","T02R14C05","KDA [6]","8.32","8.32","8.32","PASS","True","PASS_EXACT_RENDERED_STRING","2","","True","124","source/tables/table-02-main-results.tex","\SGTGnum{8.32}"
"2","14","6","6","1","","T02R14C06","KDA [6]","75.88","75.88","75.88","PASS","True","PASS_EXACT_RENDERED_STRING","2","","True","124","source/tables/table-02-main-results.tex","\SGTGnum{75.88}"
"2","14","7","7","1","","T02R14C07","KDA [6]","42.97","42.97","42.97","PASS","True","PASS_EXACT_RENDERED_STRING","2","","True","124","source/tables/table-02-main-results.tex","\SGTGnum{42.97}"
"2","14","8","8","1","","T02R14C08","KDA [6]","54.84","54.84","54.84","PASS","True","PASS_EXACT_RENDERED_STRING","2","","True","124","source/tables/table-02-main-results.tex","\SGTGnum{54.84}"
"2","14","9","9","1","","T02R14C09","KDA [6]","52.66","52.66","52.66","PASS","True","PASS_EXACT_RENDERED_STRING","2","","True","124","source/tables/table-02-main-results.tex","\SGTGnum{52.66}"
"2","14","10","10","1","","T02R14C10","KDA [6]","37.55","37.55","37.55","PASS","True","PASS_EXACT_RENDERED_STRING","2","","True","124","source/tables/table-02-main-results.tex","\SGTGnum{37.55}"
"2","14","11","11","1","","T02R14C11","KDA [6]","10.25","10.25","10.25","PASS","True","PASS_EXACT_RENDERED_STRING","2","","True","124","source/tables/table-02-main-results.tex","\SGTGnum{10.25}"
"2","14","12","12","1","","T02R14C12","KDA [6]","17.95","17.95","17.95","PASS","True","PASS_EXACT_RENDERED_STRING","2","","True","124","source/tables/table-02-main-results.tex","\SGTGnum{17.95}"
"2","14","13","13","1","","T02R14C13","KDA [6]","11.85","11.85","11.85","PASS","True","PASS_EXACT_RENDERED_STRING","2","","True","124","source/tables/table-02-main-results.tex","\SGTGnum{11.85}"
"2","15","1","1","1","","T02R15C01","STFT [28]","STFT [28]","STFT [27]","STFT [28]","PASS_AUTO_CITATION_RENUMBERED","False","not_numeric","","","True","124","source/tables/table-02-main-results.tex","STFT \cite{li2024stft}"
"2","15","2","2","1","","T02R15C02","STFT [28]","11.74","11.74","11.74","PASS","True","PASS_EXACT_RENDERED_STRING","2","","True","124","source/tables/table-02-main-results.tex","\SGTGnum{11.74}"
"2","15","3","3","1","","T02R15C03","STFT [28]","8.83","8.83","8.83","PASS","True","PASS_EXACT_RENDERED_STRING","2","","True","124","source/tables/table-02-main-results.tex","\SGTGnum{8.83}"
"2","15","4","4","1","","T02R15C04","STFT [28]","10.08","10.08","10.08","PASS","True","PASS_EXACT_RENDERED_STRING","2","","True","124","source/tables/table-02-main-results.tex","\SGTGnum{10.08}"
"2","15","5","5","1","","T02R15C05","STFT [28]","8.79","8.79","8.79","PASS","True","PASS_EXACT_RENDERED_STRING","2","","True","124","source/tables/table-02-main-results.tex","\SGTGnum{8.79}"
"2","15","6","6","1","","T02R15C06","STFT [28]","61.42","61.42","61.42","PASS","True","PASS_EXACT_RENDERED_STRING","2","","True","124","source/tables/table-02-main-results.tex","\SGTGnum{61.42}"
"2","15","7","7","1","","T02R15C07","STFT [28]","43.81","43.81","43.81","PASS","True","PASS_EXACT_RENDERED_STRING","2","","True","124","source/tables/table-02-main-results.tex","\SGTGnum{43.81}"
"2","15","8","8","1","","T02R15C08","STFT [28]","51.14","51.14","51.14","PASS","True","PASS_EXACT_RENDERED_STRING","2","","True","124","source/tables/table-02-main-results.tex","\SGTGnum{51.14}"
"2","15","9","9","1","","T02R15C09","STFT [28]","49.74","49.74","49.74","PASS","True","PASS_EXACT_RENDERED_STRING","2","","True","124","source/tables/table-02-main-results.tex","\SGTGnum{49.74}"
"2","15","10","10","1","","T02R15C10","STFT [28]","25.12","25.12","25.12","PASS","True","PASS_EXACT_RENDERED_STRING","2","","True","124","source/tables/table-02-main-results.tex","\SGTGnum{25.12}"
"2","15","11","11","1","","T02R15C11","STFT [28]","9.83","9.83","9.83","PASS","True","PASS_EXACT_RENDERED_STRING","2","","True","124","source/tables/table-02-main-results.tex","\SGTGnum{9.83}"
"2","15","12","12","1","","T02R15C12","STFT [28]","14.13","14.13","14.13","PASS","True","PASS_EXACT_RENDERED_STRING","2","","True","124","source/tables/table-02-main-results.tex","\SGTGnum{14.13}"
"2","15","13","13","1","","T02R15C13","STFT [28]","9.46","9.46","9.46","PASS","True","PASS_EXACT_RENDERED_STRING","2","","True","124","source/tables/table-02-main-results.tex","\SGTGnum{9.46}"
"2","16","1","1","1","","T02R16C01","ClipClap-GZSL [4]","ClipClap-GZSL [4]","ClipClap-GZSL [4]","ClipClap-GZSL [4]","PASS","False","not_numeric","","","True","124","source/tables/table-02-main-results.tex","ClipClap-GZSL \cite{kurzendorfer2024clipclap}"
"2","16","2","2","1","","T02R16C02","ClipClap-GZSL [4]","27.59","27.59","27.59","PASS","True","PASS_EXACT_RENDERED_STRING","2","","True","124","source/tables/table-02-main-results.tex","\SGTGnum{27.59}"
"2","16","3","3","1","","T02R16C03","ClipClap-GZSL [4]","11.00","11.00","11.00","PASS","True","PASS_EXACT_RENDERED_STRING","2","","True","124","source/tables/table-02-main-results.tex","\SGTGnum{11.00}"
"2","16","4","4","1","","T02R16C04","ClipClap-GZSL [4]","15.73","15.73","15.73","PASS","True","PASS_EXACT_RENDERED_STRING","2","","True","124","source/tables/table-02-main-results.tex","\SGTGnum{15.73}"
"2","16","5","5","1","","T02R16C05","ClipClap-GZSL [4]","11.28","11.28","11.28","PASS","True","PASS_EXACT_RENDERED_STRING","2","","True","124","source/tables/table-02-main-results.tex","\SGTGnum{11.28}"
"2","16","6","6","1","","T02R16C06","ClipClap-GZSL [4]","78.20","78.20","78.20","PASS","True","PASS_EXACT_RENDERED_STRING","2","","True","124","source/tables/table-02-main-results.tex","\SGTGnum{78.20}"
"2","16","7","7","1","","T02R16C07","ClipClap-GZSL [4]","42.57","42.57","42.57","PASS","True","PASS_EXACT_RENDERED_STRING","2","","True","124","source/tables/table-02-main-results.tex","\SGTGnum{42.57}"
"2","16","8","8","1","","T02R16C08","ClipClap-GZSL [4]","55.13","55.13","55.13","PASS","True","PASS_EXACT_RENDERED_STRING","2","","True","124","source/tables/table-02-main-results.tex","\SGTGnum{55.13}"
"2","16","9","9","1","","T02R16C09","ClipClap-GZSL [4]","46.01","46.01","46.01","PASS","True","PASS_EXACT_RENDERED_STRING","2","","True","124","source/tables/table-02-main-results.tex","\SGTGnum{46.01}"
"2","16","10","10","1","","T02R16C10","ClipClap-GZSL [4]","44.89","44.89","44.89","PASS","True","PASS_EXACT_RENDERED_STRING","2","","True","124","source/tables/table-02-main-results.tex","\SGTGnum{44.89}"
"2","16","11","11","1","","T02R16C11","ClipClap-GZSL [4]","19.42","19.42","19.42","PASS","True","PASS_EXACT_RENDERED_STRING","2","","True","124","source/tables/table-02-main-results.tex","\SGTGnum{19.42}"
"2","16","12","12","1","","T02R16C12","ClipClap-GZSL [4]","27.11","27.11","27.11","PASS","True","PASS_EXACT_RENDERED_STRING","2","","True","124","source/tables/table-02-main-results.tex","\SGTGnum{27.11}"
"2","16","13","13","1","","T02R16C13","ClipClap-GZSL [4]","21.76","21.76","21.76","PASS","True","PASS_EXACT_RENDERED_STRING","2","","True","124","source/tables/table-02-main-results.tex","\SGTGnum{21.76}"
"2","17","1","1","1","","T02R17C01","EZ-AVGZL [7]","EZ-AVGZL [7]","EZ-AVGZL [7]","EZ-AVGZL [7]","PASS","False","not_numeric","","","True","124","source/tables/table-02-main-results.tex","EZ-AVGZL \cite{mo2024easy}"
"2","17","2","2","1","","T02R17C02","EZ-AVGZL [7]","17.26","17.26","17.26","PASS","True","PASS_EXACT_RENDERED_STRING","2","","True","124","source/tables/table-02-main-results.tex","\SGTGnum{17.26}"
"2","17","3","3","1","","T02R17C03","EZ-AVGZL [7]","8.68","8.68","8.68","PASS","True","PASS_EXACT_RENDERED_STRING","2","","True","124","source/tables/table-02-main-results.tex","\SGTGnum{8.68}"
"2","17","4","4","1","","T02R17C04","EZ-AVGZL [7]","11.55","11.55","11.55","PASS","True","PASS_EXACT_RENDERED_STRING","2","","True","124","source/tables/table-02-main-results.tex","\SGTGnum{11.55}"
"2","17","5","5","1","","T02R17C05","EZ-AVGZL [7]","8.92","8.92","8.92","PASS","True","PASS_EXACT_RENDERED_STRING","2","","True","124","source/tables/table-02-main-results.tex","\SGTGnum{8.92}"
"2","17","6","6","1","","T02R17C06","EZ-AVGZL [7]","78.32","78.32","78.32","PASS","True","PASS_EXACT_RENDERED_STRING","2","","True","124","source/tables/table-02-main-results.tex","\SGTGnum{78.32}"
"2","17","7","7","1","","T02R17C07","EZ-AVGZL [7]","46.35","46.35","46.35","PASS","True","PASS_EXACT_RENDERED_STRING","2","","True","124","source/tables/table-02-main-results.tex","\SGTGnum{46.35}"
"2","17","8","8","1","","T02R17C08","EZ-AVGZL [7]","58.24","58.24","58.24","PASS","True","PASS_EXACT_RENDERED_STRING","2","","True","124","source/tables/table-02-main-results.tex","\SGTGnum{58.24}"
"2","17","9","9","1","","T02R17C09","EZ-AVGZL [7]","48.27","48.27","48.27","PASS","True","PASS_EXACT_RENDERED_STRING","2","","True","124","source/tables/table-02-main-results.tex","\SGTGnum{48.27}"
"2","17","10","10","1","","T02R17C10","EZ-AVGZL [7]","38.52","38.52","38.52","PASS","True","PASS_EXACT_RENDERED_STRING","2","","True","124","source/tables/table-02-main-results.tex","\SGTGnum{38.52}"
"2","17","11","11","1","","T02R17C11","EZ-AVGZL [7]","12.85","12.85","12.85","PASS","True","PASS_EXACT_RENDERED_STRING","2","","True","124","source/tables/table-02-main-results.tex","\SGTGnum{12.85}"
"2","17","12","12","1","","T02R17C12","EZ-AVGZL [7]","19.27","19.27","19.27","PASS","True","PASS_EXACT_RENDERED_STRING","2","","True","124","source/tables/table-02-main-results.tex","\SGTGnum{19.27}"
"2","17","13","13","1","","T02R17C13","EZ-AVGZL [7]","13.01","13.01","13.01","PASS","True","PASS_EXACT_RENDERED_STRING","2","","True","124","source/tables/table-02-main-results.tex","\SGTGnum{13.01}"
"2","18","1","1","1","","T02R18C01","MSTR [29]","MSTR [29]","MSTR [28]","MSTR [29]","PASS_AUTO_CITATION_RENUMBERED","False","not_numeric","","","True","124","source/tables/table-02-main-results.tex","MSTR \cite{yang2025mstr}"
"2","18","2","2","1","","T02R18C02","MSTR [29]","13.70","13.70","13.70","PASS","True","PASS_EXACT_RENDERED_STRING","2","","True","124","source/tables/table-02-main-results.tex","\SGTGnum{13.70}"
"2","18","3","3","1","","T02R18C03","MSTR [29]","5.48","5.48","5.48","PASS","True","PASS_EXACT_RENDERED_STRING","2","","True","124","source/tables/table-02-main-results.tex","\SGTGnum{5.48}"
"2","18","4","4","1","","T02R18C04","MSTR [29]","7.83","7.83","7.83","PASS","True","PASS_EXACT_RENDERED_STRING","2","","True","124","source/tables/table-02-main-results.tex","\SGTGnum{7.83}"
"2","18","5","5","1","","T02R18C05","MSTR [29]","6.38","6.38","6.38","PASS","True","PASS_EXACT_RENDERED_STRING","2","","True","124","source/tables/table-02-main-results.tex","\SGTGnum{6.38}"
"2","18","6","6","1","","T02R18C06","MSTR [29]","86.32","86.32","86.32","PASS","True","PASS_EXACT_RENDERED_STRING","2","","True","124","source/tables/table-02-main-results.tex","\SGTGnum{86.32}"
"2","18","7","7","1","","T02R18C07","MSTR [29]","19.97","19.97","19.97","PASS","True","PASS_EXACT_RENDERED_STRING","2","","True","124","source/tables/table-02-main-results.tex","\SGTGnum{19.97}"
"2","18","8","8","1","","T02R18C08","MSTR [29]","32.43","32.43","32.43","PASS","True","PASS_EXACT_RENDERED_STRING","2","","True","124","source/tables/table-02-main-results.tex","\SGTGnum{32.43}"
"2","18","9","9","1","","T02R18C09","MSTR [29]","23.57","23.57","23.57","PASS","True","PASS_EXACT_RENDERED_STRING","2","","True","124","source/tables/table-02-main-results.tex","\SGTGnum{23.57}"
"2","18","10","10","1","","T02R18C10","MSTR [29]","22.92","22.92","22.92","PASS","True","PASS_EXACT_RENDERED_STRING","2","","True","124","source/tables/table-02-main-results.tex","\SGTGnum{22.92}"
"2","18","11","11","1","","T02R18C11","MSTR [29]","9.28","9.28","9.28","PASS","True","PASS_EXACT_RENDERED_STRING","2","","True","124","source/tables/table-02-main-results.tex","\SGTGnum{9.28}"
"2","18","12","12","1","","T02R18C12","MSTR [29]","13.21","13.21","13.21","PASS","True","PASS_EXACT_RENDERED_STRING","2","","True","124","source/tables/table-02-main-results.tex","\SGTGnum{13.21}"
"2","18","13","13","1","","T02R18C13","MSTR [29]","9.65","9.65","9.65","PASS","True","PASS_EXACT_RENDERED_STRING","2","","True","124","source/tables/table-02-main-results.tex","\SGTGnum{9.65}"
"2","19","1","1","1","","T02R19C01","MDST++ [30]","MDST++ [30]","MDST++ [29]","MDST++ [30]","PASS_AUTO_CITATION_RENUMBERED","False","not_numeric","","","True","124","source/tables/table-02-main-results.tex","MDST++ \cite{li2025mdst}"
"2","19","2","2","1","","T02R19C02","MDST++ [30]","12.21","12.21","12.21","PASS","True","PASS_EXACT_RENDERED_STRING","2","","True","124","source/tables/table-02-main-results.tex","\SGTGnum{12.21}"
"2","19","3","3","1","","T02R19C03","MDST++ [30]","8.38","8.38","8.38","PASS","True","PASS_EXACT_RENDERED_STRING","2","","True","124","source/tables/table-02-main-results.tex","\SGTGnum{8.38}"
"2","19","4","4","1","","T02R19C04","MDST++ [30]","9.94","9.94","9.94","PASS","True","PASS_EXACT_RENDERED_STRING","2","","True","124","source/tables/table-02-main-results.tex","\SGTGnum{9.94}"
"2","19","5","5","1","","T02R19C05","MDST++ [30]","10.32","10.32","10.32","PASS","True","PASS_EXACT_RENDERED_STRING","2","","True","124","source/tables/table-02-main-results.tex","\SGTGnum{10.32}"
"2","19","6","6","1","","T02R19C06","MDST++ [30]","65.32","65.32","65.32","PASS","True","PASS_EXACT_RENDERED_STRING","2","","True","124","source/tables/table-02-main-results.tex","\SGTGnum{65.32}"
"2","19","7","7","1","","T02R19C07","MDST++ [30]","44.79","44.79","44.79","PASS","True","PASS_EXACT_RENDERED_STRING","2","","True","124","source/tables/table-02-main-results.tex","\SGTGnum{44.79}"
"2","19","8","8","1","","T02R19C08","MDST++ [30]","53.14","53.14","53.14","PASS","True","PASS_EXACT_RENDERED_STRING","2","","True","124","source/tables/table-02-main-results.tex","\SGTGnum{53.14}"
"2","19","9","9","1","","T02R19C09","MDST++ [30]","55.22","55.22","55.22","PASS","True","PASS_EXACT_RENDERED_STRING","2","","True","124","source/tables/table-02-main-results.tex","\SGTGnum{55.22}"
"2","19","10","10","1","","T02R19C10","MDST++ [30]","27.53","27.53","27.53","PASS","True","PASS_EXACT_RENDERED_STRING","2","","True","124","source/tables/table-02-main-results.tex","\SGTGnum{27.53}"
"2","19","11","11","1","","T02R19C11","MDST++ [30]","10.72","10.72","10.72","PASS","True","PASS_EXACT_RENDERED_STRING","2","","True","124","source/tables/table-02-main-results.tex","\SGTGnum{10.72}"
"2","19","12","12","1","","T02R19C12","MDST++ [30]","15.43","15.43","15.43","PASS","True","PASS_EXACT_RENDERED_STRING","2","","True","124","source/tables/table-02-main-results.tex","\SGTGnum{15.43}"
"2","19","13","13","1","","T02R19C13","MDST++ [30]","13.12","13.12","13.12","PASS","True","PASS_EXACT_RENDERED_STRING","2","","True","124","source/tables/table-02-main-results.tex","\SGTGnum{13.12}"
"2","20","1","1","1","","T02R20C01","SACMA [31]","SACMA [31]","SACMA [30]","SACMA [31]","PASS_AUTO_CITATION_RENUMBERED","False","not_numeric","","","True","124","source/tables/table-02-main-results.tex","SACMA \cite{yang2026sacma}"
"2","20","2","2","1","","T02R20C02","SACMA [31]","13.42","13.42","13.42","PASS","True","PASS_EXACT_RENDERED_STRING","2","","True","124","source/tables/table-02-main-results.tex","\SGTGnum{13.42}"
"2","20","3","3","1","","T02R20C03","SACMA [31]","6.00","6.00","6.00","PASS","True","PASS_EXACT_RENDERED_STRING","2","","True","124","source/tables/table-02-main-results.tex","\SGTGnum{6.00}"
"2","20","4","4","1","","T02R20C04","SACMA [31]","8.29","8.29","8.29","PASS","True","PASS_EXACT_RENDERED_STRING","2","","True","124","source/tables/table-02-main-results.tex","\SGTGnum{8.29}"
"2","20","5","5","1","","T02R20C05","SACMA [31]","6.46","6.46","6.46","PASS","True","PASS_EXACT_RENDERED_STRING","2","","True","124","source/tables/table-02-main-results.tex","\SGTGnum{6.46}"
"2","20","6","6","1","","T02R20C06","SACMA [31]","60.15","60.15","60.15","PASS","True","PASS_EXACT_RENDERED_STRING","2","","True","124","source/tables/table-02-main-results.tex","\SGTGnum{60.15}"
"2","20","7","7","1","","T02R20C07","SACMA [31]","27.46","27.46","27.46","PASS","True","PASS_EXACT_RENDERED_STRING","2","","True","124","source/tables/table-02-main-results.tex","\SGTGnum{27.46}"
"2","20","8","8","1","","T02R20C08","SACMA [31]","37.71","37.71","37.71","PASS","True","PASS_EXACT_RENDERED_STRING","2","","True","124","source/tables/table-02-main-results.tex","\SGTGnum{37.71}"
"2","20","9","9","1","","T02R20C09","SACMA [31]","29.07","29.07","29.07","PASS","True","PASS_EXACT_RENDERED_STRING","2","","True","124","source/tables/table-02-main-results.tex","\SGTGnum{29.07}"
"2","20","10","10","1","","T02R20C10","SACMA [31]","17.12","17.12","17.12","PASS","True","PASS_EXACT_RENDERED_STRING","2","","True","124","source/tables/table-02-main-results.tex","\SGTGnum{17.12}"
"2","20","11","11","1","","T02R20C11","SACMA [31]","7.32","7.32","7.32","PASS","True","PASS_EXACT_RENDERED_STRING","2","","True","124","source/tables/table-02-main-results.tex","\SGTGnum{7.32}"
"2","20","12","12","1","","T02R20C12","SACMA [31]","10.25","10.25","10.25","PASS","True","PASS_EXACT_RENDERED_STRING","2","","True","124","source/tables/table-02-main-results.tex","\SGTGnum{10.25}"
"2","20","13","13","1","","T02R20C13","SACMA [31]","7.52","7.52","7.52","PASS","True","PASS_EXACT_RENDERED_STRING","2","","True","124","source/tables/table-02-main-results.tex","\SGTGnum{7.52}"
"2","21","1","1","1","","T02R21C01","SGPAN [32]","SGPAN [32]","SGPAN [31]","SGPAN [32]","PASS_AUTO_CITATION_RENUMBERED","False","not_numeric","","","True","124","source/tables/table-02-main-results.tex","SGPAN \cite{ma2026sgpan}"
"2","21","2","2","1","","T02R21C02","SGPAN [32]","18.03","18.03","18.03","PASS","True","PASS_EXACT_RENDERED_STRING","2","","True","124","source/tables/table-02-main-results.tex","\SGTGnum{18.03}"
"2","21","3","3","1","","T02R21C03","SGPAN [32]","5.68","5.68","5.68","PASS","True","PASS_EXACT_RENDERED_STRING","2","","True","124","source/tables/table-02-main-results.tex","\SGTGnum{5.68}"
"2","21","4","4","1","","T02R21C04","SGPAN [32]","8.64","8.64","8.64","PASS","True","PASS_EXACT_RENDERED_STRING","2","","True","124","source/tables/table-02-main-results.tex","\SGTGnum{8.64}"
"2","21","5","5","1","","T02R21C05","SGPAN [32]","6.87","6.87","6.87","PASS","True","PASS_EXACT_RENDERED_STRING","2","","True","124","source/tables/table-02-main-results.tex","\SGTGnum{6.87}"
"2","21","6","6","1","","T02R21C06","SGPAN [32]","64.84","64.84","64.84","PASS","True","PASS_EXACT_RENDERED_STRING","2","","True","124","source/tables/table-02-main-results.tex","\SGTGnum{64.84}"
"2","21","7","7","1","","T02R21C07","SGPAN [32]","21.71","21.71","21.71","PASS","True","PASS_EXACT_RENDERED_STRING","2","","True","124","source/tables/table-02-main-results.tex","\SGTGnum{21.71}"
"2","21","8","8","1","","T02R21C08","SGPAN [32]","32.52","32.52","32.52","PASS","True","PASS_EXACT_RENDERED_STRING","2","","True","124","source/tables/table-02-main-results.tex","\SGTGnum{32.52}"
"2","21","9","9","1","","T02R21C09","SGPAN [32]","25.16","25.16","25.16","PASS","True","PASS_EXACT_RENDERED_STRING","2","","True","124","source/tables/table-02-main-results.tex","\SGTGnum{25.16}"
"2","21","10","10","1","","T02R21C10","SGPAN [32]","21.83","21.83","21.83","PASS","True","PASS_EXACT_RENDERED_STRING","2","","True","124","source/tables/table-02-main-results.tex","\SGTGnum{21.83}"
"2","21","11","11","1","","T02R21C11","SGPAN [32]","7.60","7.60","7.60","PASS","True","PASS_EXACT_RENDERED_STRING","2","","True","124","source/tables/table-02-main-results.tex","\SGTGnum{7.60}"
"2","21","12","12","1","","T02R21C12","SGPAN [32]","11.28","11.28","11.28","PASS","True","PASS_EXACT_RENDERED_STRING","2","","True","124","source/tables/table-02-main-results.tex","\SGTGnum{11.28}"
"2","21","13","13","1","","T02R21C13","SGPAN [32]","7.90","7.90","7.90","PASS","True","PASS_EXACT_RENDERED_STRING","2","","True","124","source/tables/table-02-main-results.tex","\SGTGnum{7.90}"
"2","22","1","1","1","","T02R22C01","SGTG","SGTG","SGTG","SGTG","PASS","False","not_numeric","","textbf","True","124","source/tables/table-02-main-results.tex","\textbf{SGTG}"
"2","22","2","2","1","","T02R22C02","SGTG","35.08","35.08","35.08","PASS","True","PASS_EXACT_RENDERED_STRING","2","textbf","True","124","source/tables/table-02-main-results.tex","\textbf{\SGTGnum{35.08}}"
"2","22","3","3","1","","T02R22C03","SGTG","16.87","16.87","16.87","PASS","True","PASS_EXACT_RENDERED_STRING","2","textbf","True","124","source/tables/table-02-main-results.tex","\textbf{\SGTGnum{16.87}}"
"2","22","4","4","1","","T02R22C04","SGTG","22.78","22.78","22.78","PASS","True","PASS_EXACT_RENDERED_STRING","2","textbf","True","124","source/tables/table-02-main-results.tex","\textbf{\SGTGnum{22.78}}"
"2","22","5","5","1","","T02R22C05","SGTG","17.65","17.65","17.65","PASS","True","PASS_EXACT_RENDERED_STRING","2","textbf","True","124","source/tables/table-02-main-results.tex","\textbf{\SGTGnum{17.65}}"
"2","22","6","6","1","","T02R22C06","SGTG","85.49","85.49","85.49","PASS","True","PASS_EXACT_RENDERED_STRING","2","textbf","True","124","source/tables/table-02-main-results.tex","\textbf{\SGTGnum{85.49}}"
"2","22","7","7","1","","T02R22C07","SGTG","46.97","46.97","46.97","PASS","True","PASS_EXACT_RENDERED_STRING","2","textbf","True","124","source/tables/table-02-main-results.tex","\textbf{\SGTGnum{46.97}}"
"2","22","8","8","1","","T02R22C08","SGTG","60.63","60.63","60.63","PASS","True","PASS_EXACT_RENDERED_STRING","2","textbf","True","124","source/tables/table-02-main-results.tex","\textbf{\SGTGnum{60.63}}"
"2","22","9","9","1","","T02R22C09","SGTG","50.38","50.38","50.38","PASS","True","PASS_EXACT_RENDERED_STRING","2","textbf","True","124","source/tables/table-02-main-results.tex","\textbf{\SGTGnum{50.38}}"
"2","22","10","10","1","","T02R22C10","SGTG","47.28","47.28","47.28","PASS","True","PASS_EXACT_RENDERED_STRING","2","textbf","True","124","source/tables/table-02-main-results.tex","\textbf{\SGTGnum{47.28}}"
"2","22","11","11","1","","T02R22C11","SGTG","23.61","23.61","23.61","PASS","True","PASS_EXACT_RENDERED_STRING","2","textbf","True","124","source/tables/table-02-main-results.tex","\textbf{\SGTGnum{23.61}}"
"2","22","12","12","1","","T02R22C12","SGTG","31.49","31.49","31.49","PASS","True","PASS_EXACT_RENDERED_STRING","2","textbf","True","124","source/tables/table-02-main-results.tex","\textbf{\SGTGnum{31.49}}"
"2","22","13","13","1","","T02R22C13","SGTG","23.96","23.96","23.96","PASS","True","PASS_EXACT_RENDERED_STRING","2","textbf","True","124","source/tables/table-02-main-results.tex","\textbf{\SGTGnum{23.96}}"
"3","1","1","1","1","restart","T03R01C01","Model configuration","Model configuration","Model configuration","Model configuration","PASS","False","not_numeric","","textbf","True","130","source/tables/table-03-core-components.tex","\multirow{2}{*}{\textbf{Model configuration}}"
"3","1","2","2","4","","T03R01C02","Model configuration","VGGSound-GZSLcls","VGGSound-GZSLcls","VGGSound-GZSLcls","PASS","False","not_numeric","","textbf,textit","True","130","source/tables/table-03-core-components.tex","\multicolumn{4}{c}{\textbf{VGGSound-GZSL}\textsuperscript{\textbf{\textit{cls}}}}"
"3","1","3","6","4","","T03R01C03","Model configuration","UCF-GZSLcls","UCF-GZSLcls","UCF-GZSLcls","PASS","False","not_numeric","","textbf,textit","True","130","source/tables/table-03-core-components.tex","\multicolumn{4}{c}{\textbf{UCF-GZSL}\textsuperscript{\textbf{\textit{cls}}}}"
"3","1","4","10","4","","T03R01C04","Model configuration","ActivityNet-GZSLcls","ActivityNet-GZSLcls","ActivityNet-GZSLcls","PASS","False","not_numeric","","textbf,textit","True","130","source/tables/table-03-core-components.tex","\multicolumn{4}{c}{\textbf{ActivityNet-GZSL}\textsuperscript{\textbf{\textit{cls}}}}"
"3","2","1","1","1","continue","T03R02C01","","","","","PASS","False","not_numeric","","","True","130","source/tables/table-03-core-components.tex",""
"3","2","2","2","1","","T03R02C02","","S","S","S","PASS","False","not_numeric","","textbf,textit","True","130","source/tables/table-03-core-components.tex","\textbf{\textit{S}}"
"3","2","3","3","1","","T03R02C03","","U","U","U","PASS","False","not_numeric","","textbf,textit","True","130","source/tables/table-03-core-components.tex","\textbf{\textit{U}}"
"3","2","4","4","1","","T03R02C04","","HM","HM","HM","PASS","False","not_numeric","","textbf","True","130","source/tables/table-03-core-components.tex","\textbf{HM}"
"3","2","5","5","1","","T03R02C05","","ZSL","ZSL","ZSL","PASS","False","not_numeric","","textbf","True","130","source/tables/table-03-core-components.tex","\textbf{ZSL}"
"3","2","6","6","1","","T03R02C06","","S","S","S","PASS","False","not_numeric","","textbf,textit","True","130","source/tables/table-03-core-components.tex","\textbf{\textit{S}}"
"3","2","7","7","1","","T03R02C07","","U","U","U","PASS","False","not_numeric","","textbf,textit","True","130","source/tables/table-03-core-components.tex","\textbf{\textit{U}}"
"3","2","8","8","1","","T03R02C08","","HM","HM","HM","PASS","False","not_numeric","","textbf","True","130","source/tables/table-03-core-components.tex","\textbf{HM}"
"3","2","9","9","1","","T03R02C09","","ZSL","ZSL","ZSL","PASS","False","not_numeric","","textbf","True","130","source/tables/table-03-core-components.tex","\textbf{ZSL}"
"3","2","10","10","1","","T03R02C10","","S","S","S","PASS","False","not_numeric","","textbf,textit","True","130","source/tables/table-03-core-components.tex","\textbf{\textit{S}}"
"3","2","11","11","1","","T03R02C11","","U","U","U","PASS","False","not_numeric","","textbf,textit","True","130","source/tables/table-03-core-components.tex","\textbf{\textit{U}}"
"3","2","12","12","1","","T03R02C12","","HM","HM","HM","PASS","False","not_numeric","","textbf","True","130","source/tables/table-03-core-components.tex","\textbf{HM}"
"3","2","13","13","1","","T03R02C13","","ZSL","ZSL","ZSL","PASS","False","not_numeric","","textbf","True","130","source/tables/table-03-core-components.tex","\textbf{ZSL}"
"3","3","1","1","1","","T03R03C01","w/o DSPO","w/o DSPO","w/o DSPO","w/o DSPO","PASS","False","not_numeric","","","True","130","source/tables/table-03-core-components.tex","w/o DSPO"
"3","3","2","2","1","","T03R03C02","w/o DSPO","19.26","19.26","19.26","PASS","True","PASS_EXACT_RENDERED_STRING","2","","True","130","source/tables/table-03-core-components.tex","\SGTGnum{19.26}"
"3","3","3","3","1","","T03R03C03","w/o DSPO","9.28","9.28","9.28","PASS","True","PASS_EXACT_RENDERED_STRING","2","","True","130","source/tables/table-03-core-components.tex","\SGTGnum{9.28}"
"3","3","4","4","1","","T03R03C04","w/o DSPO","12.53","12.53","12.53","PASS","True","PASS_EXACT_RENDERED_STRING","2","","True","130","source/tables/table-03-core-components.tex","\SGTGnum{12.53}"
"3","3","5","5","1","","T03R03C05","w/o DSPO","9.86","9.86","9.86","PASS","True","PASS_EXACT_RENDERED_STRING","2","","True","130","source/tables/table-03-core-components.tex","\SGTGnum{9.86}"
"3","3","6","6","1","","T03R03C06","w/o DSPO","40.17","40.17","40.17","PASS","True","PASS_EXACT_RENDERED_STRING","2","","True","130","source/tables/table-03-core-components.tex","\SGTGnum{40.17}"
"3","3","7","7","1","","T03R03C07","w/o DSPO","35.37","35.37","35.37","PASS","True","PASS_EXACT_RENDERED_STRING","2","","True","130","source/tables/table-03-core-components.tex","\SGTGnum{35.37}"
"3","3","8","8","1","","T03R03C08","w/o DSPO","37.62","37.62","37.62","PASS","True","PASS_EXACT_RENDERED_STRING","2","","True","130","source/tables/table-03-core-components.tex","\SGTGnum{37.62}"
"3","3","9","9","1","","T03R03C09","w/o DSPO","37.27","37.27","37.27","PASS","True","PASS_EXACT_RENDERED_STRING","2","","True","130","source/tables/table-03-core-components.tex","\SGTGnum{37.27}"
"3","3","10","10","1","","T03R03C10","w/o DSPO","20.36","20.36","20.36","PASS","True","PASS_EXACT_RENDERED_STRING","2","","True","130","source/tables/table-03-core-components.tex","\SGTGnum{20.36}"
"3","3","11","11","1","","T03R03C11","w/o DSPO","16.33","16.33","16.33","PASS","True","PASS_EXACT_RENDERED_STRING","2","","True","130","source/tables/table-03-core-components.tex","\SGTGnum{16.33}"
"3","3","12","12","1","","T03R03C12","w/o DSPO","18.12","18.12","18.12","PASS","True","PASS_EXACT_RENDERED_STRING","2","","True","130","source/tables/table-03-core-components.tex","\SGTGnum{18.12}"
"3","3","13","13","1","","T03R03C13","w/o DSPO","17.67","17.67","17.67","PASS","True","PASS_EXACT_RENDERED_STRING","2","","True","130","source/tables/table-03-core-components.tex","\SGTGnum{17.67}"
"3","4","1","1","1","","T03R04C01","w/o CGTA","w/o CGTA","w/o CGTA","w/o CGTA","PASS","False","not_numeric","","","True","130","source/tables/table-03-core-components.tex","w/o CGTA"
"3","4","2","2","1","","T03R04C02","w/o CGTA","10.30","10.30","10.30","PASS","True","PASS_EXACT_RENDERED_STRING","2","","True","130","source/tables/table-03-core-components.tex","\SGTGnum{10.30}"
"3","4","3","3","1","","T03R04C03","w/o CGTA","7.83","7.83","7.83","PASS","True","PASS_EXACT_RENDERED_STRING","2","","True","130","source/tables/table-03-core-components.tex","\SGTGnum{7.83}"
"3","4","4","4","1","","T03R04C04","w/o CGTA","8.90","8.90","8.90","PASS","True","PASS_EXACT_RENDERED_STRING","2","","True","130","source/tables/table-03-core-components.tex","\SGTGnum{8.90}"
"3","4","5","5","1","","T03R04C05","w/o CGTA","8.72","8.72","8.72","PASS","True","PASS_EXACT_RENDERED_STRING","2","","True","130","source/tables/table-03-core-components.tex","\SGTGnum{8.72}"
"3","4","6","6","1","","T03R04C06","w/o CGTA","30.76","30.76","30.76","PASS","True","PASS_EXACT_RENDERED_STRING","2","","True","130","source/tables/table-03-core-components.tex","\SGTGnum{30.76}"
"3","4","7","7","1","","T03R04C07","w/o CGTA","22.52","22.52","22.52","PASS","True","PASS_EXACT_RENDERED_STRING","2","","True","130","source/tables/table-03-core-components.tex","\SGTGnum{22.52}"
"3","4","8","8","1","","T03R04C08","w/o CGTA","26.00","26.00","26.00","PASS","True","PASS_EXACT_RENDERED_STRING","2","","True","130","source/tables/table-03-core-components.tex","\SGTGnum{26.00}"
"3","4","9","9","1","","T03R04C09","w/o CGTA","23.61","23.61","23.61","PASS","True","PASS_EXACT_RENDERED_STRING","2","","True","130","source/tables/table-03-core-components.tex","\SGTGnum{23.61}"
"3","4","10","10","1","","T03R04C10","w/o CGTA","29.71","29.71","29.71","PASS","True","PASS_EXACT_RENDERED_STRING","2","","True","130","source/tables/table-03-core-components.tex","\SGTGnum{29.71}"
"3","4","11","11","1","","T03R04C11","w/o CGTA","17.97","17.97","17.97","PASS","True","PASS_EXACT_RENDERED_STRING","2","","True","130","source/tables/table-03-core-components.tex","\SGTGnum{17.97}"
"3","4","12","12","1","","T03R04C12","w/o CGTA","22.39","22.39","22.39","PASS","True","PASS_EXACT_RENDERED_STRING","2","","True","130","source/tables/table-03-core-components.tex","\SGTGnum{22.39}"
"3","4","13","13","1","","T03R04C13","w/o CGTA","18.85","18.85","18.85","PASS","True","PASS_EXACT_RENDERED_STRING","2","","True","130","source/tables/table-03-core-components.tex","\SGTGnum{18.85}"
"3","5","1","1","1","","T03R05C01","w/o DMIF","w/o DMIF","w/o DMIF","w/o DMIF","PASS","False","not_numeric","","","True","130","source/tables/table-03-core-components.tex","w/o DMIF"
"3","5","2","2","1","","T03R05C02","w/o DMIF","24.23","24.23","24.23","PASS","True","PASS_EXACT_RENDERED_STRING","2","","True","130","source/tables/table-03-core-components.tex","\SGTGnum{24.23}"
"3","5","3","3","1","","T03R05C03","w/o DMIF","9.56","9.56","9.56","PASS","True","PASS_EXACT_RENDERED_STRING","2","","True","130","source/tables/table-03-core-components.tex","\SGTGnum{9.56}"
"3","5","4","4","1","","T03R05C04","w/o DMIF","13.71","13.71","13.71","PASS","True","PASS_EXACT_RENDERED_STRING","2","","True","130","source/tables/table-03-core-components.tex","\SGTGnum{13.71}"
"3","5","5","5","1","","T03R05C05","w/o DMIF","10.66","10.66","10.66","PASS","True","PASS_EXACT_RENDERED_STRING","2","","True","130","source/tables/table-03-core-components.tex","\SGTGnum{10.66}"
"3","5","6","6","1","","T03R05C06","w/o DMIF","59.66","59.66","59.66","PASS","True","PASS_EXACT_RENDERED_STRING","2","","True","130","source/tables/table-03-core-components.tex","\SGTGnum{59.66}"
"3","5","7","7","1","","T03R05C07","w/o DMIF","45.16","45.16","45.16","PASS","True","PASS_EXACT_RENDERED_STRING","2","","True","130","source/tables/table-03-core-components.tex","\SGTGnum{45.16}"
"3","5","8","8","1","","T03R05C08","w/o DMIF","51.41","51.41","51.41","PASS","True","PASS_EXACT_RENDERED_STRING","2","","True","130","source/tables/table-03-core-components.tex","\SGTGnum{51.41}"
"3","5","9","9","1","","T03R05C09","w/o DMIF","47.39","47.39","47.39","PASS","True","PASS_EXACT_RENDERED_STRING","2","","True","130","source/tables/table-03-core-components.tex","\SGTGnum{47.39}"
"3","5","10","10","1","","T03R05C10","w/o DMIF","37.14","37.14","37.14","PASS","True","PASS_EXACT_RENDERED_STRING","2","","True","130","source/tables/table-03-core-components.tex","\SGTGnum{37.14}"
"3","5","11","11","1","","T03R05C11","w/o DMIF","21.83","21.83","21.83","PASS","True","PASS_EXACT_RENDERED_STRING","2","","True","130","source/tables/table-03-core-components.tex","\SGTGnum{21.83}"
"3","5","12","12","1","","T03R05C12","w/o DMIF","27.50","27.50","27.50","PASS","True","PASS_EXACT_RENDERED_STRING","2","","True","130","source/tables/table-03-core-components.tex","\SGTGnum{27.50}"
"3","5","13","13","1","","T03R05C13","w/o DMIF","23.94","23.94","23.94","PASS","True","PASS_EXACT_RENDERED_STRING","2","","True","130","source/tables/table-03-core-components.tex","\SGTGnum{23.94}"
"3","6","1","1","1","","T03R06C01","SGTG","SGTG","SGTG","SGTG","PASS","False","not_numeric","","textbf","True","130","source/tables/table-03-core-components.tex","\textbf{SGTG}"
"3","6","2","2","1","","T03R06C02","SGTG","35.08","35.08","35.08","PASS","True","PASS_EXACT_RENDERED_STRING","2","textbf","True","130","source/tables/table-03-core-components.tex","\textbf{\SGTGnum{35.08}}"
"3","6","3","3","1","","T03R06C03","SGTG","16.87","16.87","16.87","PASS","True","PASS_EXACT_RENDERED_STRING","2","textbf","True","130","source/tables/table-03-core-components.tex","\textbf{\SGTGnum{16.87}}"
"3","6","4","4","1","","T03R06C04","SGTG","22.78","22.78","22.78","PASS","True","PASS_EXACT_RENDERED_STRING","2","textbf","True","130","source/tables/table-03-core-components.tex","\textbf{\SGTGnum{22.78}}"
"3","6","5","5","1","","T03R06C05","SGTG","17.65","17.65","17.65","PASS","True","PASS_EXACT_RENDERED_STRING","2","textbf","True","130","source/tables/table-03-core-components.tex","\textbf{\SGTGnum{17.65}}"
"3","6","6","6","1","","T03R06C06","SGTG","85.49","85.49","85.49","PASS","True","PASS_EXACT_RENDERED_STRING","2","textbf","True","130","source/tables/table-03-core-components.tex","\textbf{\SGTGnum{85.49}}"
"3","6","7","7","1","","T03R06C07","SGTG","46.97","46.97","46.97","PASS","True","PASS_EXACT_RENDERED_STRING","2","textbf","True","130","source/tables/table-03-core-components.tex","\textbf{\SGTGnum{46.97}}"
"3","6","8","8","1","","T03R06C08","SGTG","60.63","60.63","60.63","PASS","True","PASS_EXACT_RENDERED_STRING","2","textbf","True","130","source/tables/table-03-core-components.tex","\textbf{\SGTGnum{60.63}}"
"3","6","9","9","1","","T03R06C09","SGTG","50.38","50.38","50.38","PASS","True","PASS_EXACT_RENDERED_STRING","2","textbf","True","130","source/tables/table-03-core-components.tex","\textbf{\SGTGnum{50.38}}"
"3","6","10","10","1","","T03R06C10","SGTG","47.28","47.28","47.28","PASS","True","PASS_EXACT_RENDERED_STRING","2","textbf","True","130","source/tables/table-03-core-components.tex","\textbf{\SGTGnum{47.28}}"
"3","6","11","11","1","","T03R06C11","SGTG","23.61","23.61","23.61","PASS","True","PASS_EXACT_RENDERED_STRING","2","textbf","True","130","source/tables/table-03-core-components.tex","\textbf{\SGTGnum{23.61}}"
"3","6","12","12","1","","T03R06C12","SGTG","31.49","31.49","31.49","PASS","True","PASS_EXACT_RENDERED_STRING","2","textbf","True","130","source/tables/table-03-core-components.tex","\textbf{\SGTGnum{31.49}}"
"3","6","13","13","1","","T03R06C13","SGTG","23.96","23.96","23.96","PASS","True","PASS_EXACT_RENDERED_STRING","2","textbf","True","130","source/tables/table-03-core-components.tex","\textbf{\SGTGnum{23.96}}"
"4","1","1","1","1","restart","T04R01C01","Temporal aggregation","Temporal aggregation","Temporal aggregation","Temporal aggregation","PASS","False","not_numeric","","textbf","True","135","source/tables/table-04-temporal-strategies.tex","\multirow{2}{*}{\textbf{Temporal aggregation}}"
"4","1","2","2","4","","T04R01C02","Temporal aggregation","VGGSound-GZSLcls","VGGSound-GZSLcls","VGGSound-GZSLcls","PASS","False","not_numeric","","textbf,textit","True","135","source/tables/table-04-temporal-strategies.tex","\multicolumn{4}{c}{\textbf{VGGSound-GZSL}\textsuperscript{\textbf{\textit{cls}}}}"
"4","1","3","6","4","","T04R01C03","Temporal aggregation","UCF-GZSLcls","UCF-GZSLcls","UCF-GZSLcls","PASS","False","not_numeric","","textbf,textit","True","135","source/tables/table-04-temporal-strategies.tex","\multicolumn{4}{c}{\textbf{UCF-GZSL}\textsuperscript{\textbf{\textit{cls}}}}"
"4","1","4","10","4","","T04R01C04","Temporal aggregation","ActivityNet-GZSLcls","ActivityNet-GZSLcls","ActivityNet-GZSLcls","PASS","False","not_numeric","","textbf,textit","True","135","source/tables/table-04-temporal-strategies.tex","\multicolumn{4}{c}{\textbf{ActivityNet-GZSL}\textsuperscript{\textbf{\textit{cls}}}}"
"4","2","1","1","1","continue","T04R02C01","","","","","PASS","False","not_numeric","","","True","135","source/tables/table-04-temporal-strategies.tex",""
"4","2","2","2","1","","T04R02C02","","S","S","S","PASS","False","not_numeric","","textbf,textit","True","135","source/tables/table-04-temporal-strategies.tex","\textbf{\textit{S}}"
"4","2","3","3","1","","T04R02C03","","U","U","U","PASS","False","not_numeric","","textbf,textit","True","135","source/tables/table-04-temporal-strategies.tex","\textbf{\textit{U}}"
"4","2","4","4","1","","T04R02C04","","HM","HM","HM","PASS","False","not_numeric","","textbf","True","135","source/tables/table-04-temporal-strategies.tex","\textbf{HM}"
"4","2","5","5","1","","T04R02C05","","ZSL","ZSL","ZSL","PASS","False","not_numeric","","textbf","True","135","source/tables/table-04-temporal-strategies.tex","\textbf{ZSL}"
"4","2","6","6","1","","T04R02C06","","S","S","S","PASS","False","not_numeric","","textbf,textit","True","135","source/tables/table-04-temporal-strategies.tex","\textbf{\textit{S}}"
"4","2","7","7","1","","T04R02C07","","U","U","U","PASS","False","not_numeric","","textbf,textit","True","135","source/tables/table-04-temporal-strategies.tex","\textbf{\textit{U}}"
"4","2","8","8","1","","T04R02C08","","HM","HM","HM","PASS","False","not_numeric","","textbf","True","135","source/tables/table-04-temporal-strategies.tex","\textbf{HM}"
"4","2","9","9","1","","T04R02C09","","ZSL","ZSL","ZSL","PASS","False","not_numeric","","textbf","True","135","source/tables/table-04-temporal-strategies.tex","\textbf{ZSL}"
"4","2","10","10","1","","T04R02C10","","S","S","S","PASS","False","not_numeric","","textbf,textit","True","135","source/tables/table-04-temporal-strategies.tex","\textbf{\textit{S}}"
"4","2","11","11","1","","T04R02C11","","U","U","U","PASS","False","not_numeric","","textbf,textit","True","135","source/tables/table-04-temporal-strategies.tex","\textbf{\textit{U}}"
"4","2","12","12","1","","T04R02C12","","HM","HM","HM","PASS","False","not_numeric","","textbf","True","135","source/tables/table-04-temporal-strategies.tex","\textbf{HM}"
"4","2","13","13","1","","T04R02C13","","ZSL","ZSL","ZSL","PASS","False","not_numeric","","textbf","True","135","source/tables/table-04-temporal-strategies.tex","\textbf{ZSL}"
"4","3","1","1","1","","T04R03C01","Uniform pooling","Uniform pooling","Uniform pooling","Uniform pooling","PASS","False","not_numeric","","","True","135","source/tables/table-04-temporal-strategies.tex","Uniform pooling"
"4","3","2","2","1","","T04R03C02","Uniform pooling","32.29","32.29","32.29","PASS","True","PASS_EXACT_RENDERED_STRING","2","","True","135","source/tables/table-04-temporal-strategies.tex","\SGTGnum{32.29}"
"4","3","3","3","1","","T04R03C03","Uniform pooling","9.84","9.84","9.84","PASS","True","PASS_EXACT_RENDERED_STRING","2","","True","135","source/tables/table-04-temporal-strategies.tex","\SGTGnum{9.84}"
"4","3","4","4","1","","T04R03C04","Uniform pooling","15.08","15.08","15.08","PASS","True","PASS_EXACT_RENDERED_STRING","2","","True","135","source/tables/table-04-temporal-strategies.tex","\SGTGnum{15.08}"
"4","3","5","5","1","","T04R03C05","Uniform pooling","10.97","10.97","10.97","PASS","True","PASS_EXACT_RENDERED_STRING","2","","True","135","source/tables/table-04-temporal-strategies.tex","\SGTGnum{10.97}"
"4","3","6","6","1","","T04R03C06","Uniform pooling","70.18","70.18","70.18","PASS","True","PASS_EXACT_RENDERED_STRING","2","","True","135","source/tables/table-04-temporal-strategies.tex","\SGTGnum{70.18}"
"4","3","7","7","1","","T04R03C07","Uniform pooling","35.94","35.94","35.94","PASS","True","PASS_EXACT_RENDERED_STRING","2","","True","135","source/tables/table-04-temporal-strategies.tex","\SGTGnum{35.94}"
"4","3","8","8","1","","T04R03C08","Uniform pooling","47.54","47.54","47.54","PASS","True","PASS_EXACT_RENDERED_STRING","2","","True","135","source/tables/table-04-temporal-strategies.tex","\SGTGnum{47.54}"
"4","3","9","9","1","","T04R03C09","Uniform pooling","42.88","42.88","42.88","PASS","True","PASS_EXACT_RENDERED_STRING","2","","True","135","source/tables/table-04-temporal-strategies.tex","\SGTGnum{42.88}"
"4","3","10","10","1","","T04R03C10","Uniform pooling","34.25","34.25","34.25","PASS","True","PASS_EXACT_RENDERED_STRING","2","","True","135","source/tables/table-04-temporal-strategies.tex","\SGTGnum{34.25}"
"4","3","11","11","1","","T04R03C11","Uniform pooling","20.74","20.74","20.74","PASS","True","PASS_EXACT_RENDERED_STRING","2","","True","135","source/tables/table-04-temporal-strategies.tex","\SGTGnum{20.74}"
"4","3","12","12","1","","T04R03C12","Uniform pooling","25.84","25.84","25.84","PASS","True","PASS_EXACT_RENDERED_STRING","2","","True","135","source/tables/table-04-temporal-strategies.tex","\SGTGnum{25.84}"
"4","3","13","13","1","","T04R03C13","Uniform pooling","22.16","22.16","22.16","PASS","True","PASS_EXACT_RENDERED_STRING","2","","True","135","source/tables/table-04-temporal-strategies.tex","\SGTGnum{22.16}"
"4","4","1","1","1","","T04R04C01","Discrete Top-K selection","Discrete Top-K selection","Discrete Top-K selection","Discrete Top-K selection","PASS","False","not_numeric","","","True","135","source/tables/table-04-temporal-strategies.tex","Discrete Top-K selection"
"4","4","2","2","1","","T04R04C02","Discrete Top-K selection","32.58","32.58","32.58","PASS","True","PASS_EXACT_RENDERED_STRING","2","","True","135","source/tables/table-04-temporal-strategies.tex","\SGTGnum{32.58}"
"4","4","3","3","1","","T04R04C03","Discrete Top-K selection","10.14","10.14","10.14","PASS","True","PASS_EXACT_RENDERED_STRING","2","","True","135","source/tables/table-04-temporal-strategies.tex","\SGTGnum{10.14}"
"4","4","4","4","1","","T04R04C04","Discrete Top-K selection","15.47","15.47","15.47","PASS","True","PASS_EXACT_RENDERED_STRING","2","","True","135","source/tables/table-04-temporal-strategies.tex","\SGTGnum{15.47}"
"4","4","5","5","1","","T04R04C05","Discrete Top-K selection","11.34","11.34","11.34","PASS","True","PASS_EXACT_RENDERED_STRING","2","","True","135","source/tables/table-04-temporal-strategies.tex","\SGTGnum{11.34}"
"4","4","6","6","1","","T04R04C06","Discrete Top-K selection","78.60","78.60","78.60","PASS","True","PASS_EXACT_RENDERED_STRING","2","","True","135","source/tables/table-04-temporal-strategies.tex","\SGTGnum{78.60}"
"4","4","7","7","1","","T04R04C07","Discrete Top-K selection","36.78","36.78","36.78","PASS","True","PASS_EXACT_RENDERED_STRING","2","","True","135","source/tables/table-04-temporal-strategies.tex","\SGTGnum{36.78}"
"4","4","8","8","1","","T04R04C08","Discrete Top-K selection","50.11","50.11","50.11","PASS","True","PASS_EXACT_RENDERED_STRING","2","","True","135","source/tables/table-04-temporal-strategies.tex","\SGTGnum{50.11}"
"4","4","9","9","1","","T04R04C09","Discrete Top-K selection","48.46","48.46","48.46","PASS","True","PASS_EXACT_RENDERED_STRING","2","","True","135","source/tables/table-04-temporal-strategies.tex","\SGTGnum{48.46}"
"4","4","10","10","1","","T04R04C10","Discrete Top-K selection","38.58","38.58","38.58","PASS","True","PASS_EXACT_RENDERED_STRING","2","","True","135","source/tables/table-04-temporal-strategies.tex","\SGTGnum{38.58}"
"4","4","11","11","1","","T04R04C11","Discrete Top-K selection","17.35","17.35","17.35","PASS","True","PASS_EXACT_RENDERED_STRING","2","","True","135","source/tables/table-04-temporal-strategies.tex","\SGTGnum{17.35}"
"4","4","12","12","1","","T04R04C12","Discrete Top-K selection","23.94","23.94","23.94","PASS","True","PASS_EXACT_RENDERED_STRING","2","","True","135","source/tables/table-04-temporal-strategies.tex","\SGTGnum{23.94}"
"4","4","13","13","1","","T04R04C13","Discrete Top-K selection","22.71","22.71","22.71","PASS","True","PASS_EXACT_RENDERED_STRING","2","","True","135","source/tables/table-04-temporal-strategies.tex","\SGTGnum{22.71}"
"4","5","1","1","1","","T04R05C01","Uniform routing","Uniform routing","Uniform routing","Uniform routing","PASS","False","not_numeric","","","True","135","source/tables/table-04-temporal-strategies.tex","Uniform routing"
"4","5","2","2","1","","T04R05C02","Uniform routing","31.61","31.61","31.61","PASS","True","PASS_EXACT_RENDERED_STRING","2","","True","135","source/tables/table-04-temporal-strategies.tex","\SGTGnum{31.61}"
"4","5","3","3","1","","T04R05C03","Uniform routing","11.30","11.30","11.30","PASS","True","PASS_EXACT_RENDERED_STRING","2","","True","135","source/tables/table-04-temporal-strategies.tex","\SGTGnum{11.30}"
"4","5","4","4","1","","T04R05C04","Uniform routing","16.65","16.65","16.65","PASS","True","PASS_EXACT_RENDERED_STRING","2","","True","135","source/tables/table-04-temporal-strategies.tex","\SGTGnum{16.65}"
"4","5","5","5","1","","T04R05C05","Uniform routing","12.41","12.41","12.41","PASS","True","PASS_EXACT_RENDERED_STRING","2","","True","135","source/tables/table-04-temporal-strategies.tex","\SGTGnum{12.41}"
"4","5","6","6","1","","T04R05C06","Uniform routing","80.01","80.01","80.01","PASS","True","PASS_EXACT_RENDERED_STRING","2","","True","135","source/tables/table-04-temporal-strategies.tex","\SGTGnum{80.01}"
"4","5","7","7","1","","T04R05C07","Uniform routing","39.75","39.75","39.75","PASS","True","PASS_EXACT_RENDERED_STRING","2","","True","135","source/tables/table-04-temporal-strategies.tex","\SGTGnum{39.75}"
"4","5","8","8","1","","T04R05C08","Uniform routing","53.11","53.11","53.11","PASS","True","PASS_EXACT_RENDERED_STRING","2","","True","135","source/tables/table-04-temporal-strategies.tex","\SGTGnum{53.11}"
"4","5","9","9","1","","T04R05C09","Uniform routing","50.67","50.67","50.67","PASS","True","PASS_EXACT_RENDERED_STRING","2","","True","135","source/tables/table-04-temporal-strategies.tex","\SGTGnum{50.67}"
"4","5","10","10","1","","T04R05C10","Uniform routing","40.61","40.61","40.61","PASS","True","PASS_EXACT_RENDERED_STRING","2","","True","135","source/tables/table-04-temporal-strategies.tex","\SGTGnum{40.61}"
"4","5","11","11","1","","T04R05C11","Uniform routing","20.40","20.40","20.40","PASS","True","PASS_EXACT_RENDERED_STRING","2","","True","135","source/tables/table-04-temporal-strategies.tex","\SGTGnum{20.40}"
"4","5","12","12","1","","T04R05C12","Uniform routing","27.16","27.16","27.16","PASS","True","PASS_EXACT_RENDERED_STRING","2","","True","135","source/tables/table-04-temporal-strategies.tex","\SGTGnum{27.16}"
"4","5","13","13","1","","T04R05C13","Uniform routing","24.43","24.43","24.43","PASS","True","PASS_EXACT_RENDERED_STRING","2","","True","135","source/tables/table-04-temporal-strategies.tex","\SGTGnum{24.43}"
"4","6","1","1","1","","T04R06C01","CGTA","CGTA","CGTA","CGTA","PASS","False","not_numeric","","textbf","True","135","source/tables/table-04-temporal-strategies.tex","\textbf{CGTA}"
"4","6","2","2","1","","T04R06C02","CGTA","35.08","35.08","35.08","PASS","True","PASS_EXACT_RENDERED_STRING","2","textbf","True","135","source/tables/table-04-temporal-strategies.tex","\textbf{\SGTGnum{35.08}}"
"4","6","3","3","1","","T04R06C03","CGTA","16.87","16.87","16.87","PASS","True","PASS_EXACT_RENDERED_STRING","2","textbf","True","135","source/tables/table-04-temporal-strategies.tex","\textbf{\SGTGnum{16.87}}"
"4","6","4","4","1","","T04R06C04","CGTA","22.78","22.78","22.78","PASS","True","PASS_EXACT_RENDERED_STRING","2","textbf","True","135","source/tables/table-04-temporal-strategies.tex","\textbf{\SGTGnum{22.78}}"
"4","6","5","5","1","","T04R06C05","CGTA","17.65","17.65","17.65","PASS","True","PASS_EXACT_RENDERED_STRING","2","textbf","True","135","source/tables/table-04-temporal-strategies.tex","\textbf{\SGTGnum{17.65}}"
"4","6","6","6","1","","T04R06C06","CGTA","85.49","85.49","85.49","PASS","True","PASS_EXACT_RENDERED_STRING","2","textbf","True","135","source/tables/table-04-temporal-strategies.tex","\textbf{\SGTGnum{85.49}}"
"4","6","7","7","1","","T04R06C07","CGTA","46.97","46.97","46.97","PASS","True","PASS_EXACT_RENDERED_STRING","2","textbf","True","135","source/tables/table-04-temporal-strategies.tex","\textbf{\SGTGnum{46.97}}"
"4","6","8","8","1","","T04R06C08","CGTA","60.63","60.63","60.63","PASS","True","PASS_EXACT_RENDERED_STRING","2","textbf","True","135","source/tables/table-04-temporal-strategies.tex","\textbf{\SGTGnum{60.63}}"
"4","6","9","9","1","","T04R06C09","CGTA","50.38","50.38","50.38","PASS","True","PASS_EXACT_RENDERED_STRING","2","textbf","True","135","source/tables/table-04-temporal-strategies.tex","\textbf{\SGTGnum{50.38}}"
"4","6","10","10","1","","T04R06C10","CGTA","47.28","47.28","47.28","PASS","True","PASS_EXACT_RENDERED_STRING","2","textbf","True","135","source/tables/table-04-temporal-strategies.tex","\textbf{\SGTGnum{47.28}}"
"4","6","11","11","1","","T04R06C11","CGTA","23.61","23.61","23.61","PASS","True","PASS_EXACT_RENDERED_STRING","2","textbf","True","135","source/tables/table-04-temporal-strategies.tex","\textbf{\SGTGnum{23.61}}"
"4","6","12","12","1","","T04R06C12","CGTA","31.49","31.49","31.49","PASS","True","PASS_EXACT_RENDERED_STRING","2","textbf","True","135","source/tables/table-04-temporal-strategies.tex","\textbf{\SGTGnum{31.49}}"
"4","6","13","13","1","","T04R06C13","CGTA","23.96","23.96","23.96","PASS","True","PASS_EXACT_RENDERED_STRING","2","textbf","True","135","source/tables/table-04-temporal-strategies.tex","\textbf{\SGTGnum{23.96}}"
"5","1","1","1","1","restart","T05R01C01","Number of experts E","Number of experts E","Number of experts E","Number of experts E","PASS","False","not_numeric","","textbf","True","140","source/tables/table-05-expert-count.tex","\multirow{2}{*}{\textbf{Number of experts }$E$}"
"5","1","2","2","4","","T05R01C02","Number of experts E","VGGSound-GZSLcls","VGGSound-GZSLcls","VGGSound-GZSLcls","PASS","False","not_numeric","","textbf,textit","True","140","source/tables/table-05-expert-count.tex","\multicolumn{4}{c}{\textbf{VGGSound-GZSL}\textsuperscript{\textbf{\textit{cls}}}}"
"5","1","3","6","4","","T05R01C03","Number of experts E","UCF-GZSLcls","UCF-GZSLcls","UCF-GZSLcls","PASS","False","not_numeric","","textbf,textit","True","140","source/tables/table-05-expert-count.tex","\multicolumn{4}{c}{\textbf{UCF-GZSL}\textsuperscript{\textbf{\textit{cls}}}}"
"5","1","4","10","4","","T05R01C04","Number of experts E","ActivityNet-GZSLcls","ActivityNet-GZSLcls","ActivityNet-GZSLcls","PASS","False","not_numeric","","textbf,textit","True","140","source/tables/table-05-expert-count.tex","\multicolumn{4}{c}{\textbf{ActivityNet-GZSL}\textsuperscript{\textbf{\textit{cls}}}}"
"5","2","1","1","1","continue","T05R02C01","","","","","PASS","False","not_numeric","","","True","140","source/tables/table-05-expert-count.tex",""
"5","2","2","2","1","","T05R02C02","","S","S","S","PASS","False","not_numeric","","textbf,textit","True","140","source/tables/table-05-expert-count.tex","\textbf{\textit{S}}"
"5","2","3","3","1","","T05R02C03","","U","U","U","PASS","False","not_numeric","","textbf,textit","True","140","source/tables/table-05-expert-count.tex","\textbf{\textit{U}}"
"5","2","4","4","1","","T05R02C04","","HM","HM","HM","PASS","False","not_numeric","","textbf","True","140","source/tables/table-05-expert-count.tex","\textbf{HM}"
"5","2","5","5","1","","T05R02C05","","ZSL","ZSL","ZSL","PASS","False","not_numeric","","textbf","True","140","source/tables/table-05-expert-count.tex","\textbf{ZSL}"
"5","2","6","6","1","","T05R02C06","","S","S","S","PASS","False","not_numeric","","textbf,textit","True","140","source/tables/table-05-expert-count.tex","\textbf{\textit{S}}"
"5","2","7","7","1","","T05R02C07","","U","U","U","PASS","False","not_numeric","","textbf,textit","True","140","source/tables/table-05-expert-count.tex","\textbf{\textit{U}}"
"5","2","8","8","1","","T05R02C08","","HM","HM","HM","PASS","False","not_numeric","","textbf","True","140","source/tables/table-05-expert-count.tex","\textbf{HM}"
"5","2","9","9","1","","T05R02C09","","ZSL","ZSL","ZSL","PASS","False","not_numeric","","textbf","True","140","source/tables/table-05-expert-count.tex","\textbf{ZSL}"
"5","2","10","10","1","","T05R02C10","","S","S","S","PASS","False","not_numeric","","textbf,textit","True","140","source/tables/table-05-expert-count.tex","\textbf{\textit{S}}"
"5","2","11","11","1","","T05R02C11","","U","U","U","PASS","False","not_numeric","","textbf,textit","True","140","source/tables/table-05-expert-count.tex","\textbf{\textit{U}}"
"5","2","12","12","1","","T05R02C12","","HM","HM","HM","PASS","False","not_numeric","","textbf","True","140","source/tables/table-05-expert-count.tex","\textbf{HM}"
"5","2","13","13","1","","T05R02C13","","ZSL","ZSL","ZSL","PASS","False","not_numeric","","textbf","True","140","source/tables/table-05-expert-count.tex","\textbf{ZSL}"
"5","3","1","1","1","","T05R03C01","1","1","1","1","PASS","True","PASS_EXACT_RENDERED_STRING","0","","True","140","source/tables/table-05-expert-count.tex","1"
"5","3","2","2","1","","T05R03C02","1","30.05","30.05","30.05","PASS","True","PASS_EXACT_RENDERED_STRING","2","","True","140","source/tables/table-05-expert-count.tex","\SGTGnum{30.05}"
"5","3","3","3","1","","T05R03C03","1","9.66","9.66","9.66","PASS","True","PASS_EXACT_RENDERED_STRING","2","","True","140","source/tables/table-05-expert-count.tex","\SGTGnum{9.66}"
"5","3","4","4","1","","T05R03C04","1","14.62","14.62","14.62","PASS","True","PASS_EXACT_RENDERED_STRING","2","","True","140","source/tables/table-05-expert-count.tex","\SGTGnum{14.62}"
"5","3","5","5","1","","T05R03C05","1","11.88","11.88","11.88","PASS","True","PASS_EXACT_RENDERED_STRING","2","","True","140","source/tables/table-05-expert-count.tex","\SGTGnum{11.88}"
"5","3","6","6","1","","T05R03C06","1","58.32","58.32","58.32","PASS","True","PASS_EXACT_RENDERED_STRING","2","","True","140","source/tables/table-05-expert-count.tex","\SGTGnum{58.32}"
"5","3","7","7","1","","T05R03C07","1","24.26","24.26","24.26","PASS","True","PASS_EXACT_RENDERED_STRING","2","","True","140","source/tables/table-05-expert-count.tex","\SGTGnum{24.26}"
"5","3","8","8","1","","T05R03C08","1","34.27","34.27","34.27","PASS","True","PASS_EXACT_RENDERED_STRING","2","","True","140","source/tables/table-05-expert-count.tex","\SGTGnum{34.27}"
"5","3","9","9","1","","T05R03C09","1","32.63","32.63","32.63","PASS","True","PASS_EXACT_RENDERED_STRING","2","","True","140","source/tables/table-05-expert-count.tex","\SGTGnum{32.63}"
"5","3","10","10","1","","T05R03C10","1","33.06","33.06","33.06","PASS","True","PASS_EXACT_RENDERED_STRING","2","","True","140","source/tables/table-05-expert-count.tex","\SGTGnum{33.06}"
"5","3","11","11","1","","T05R03C11","1","14.27","14.27","14.27","PASS","True","PASS_EXACT_RENDERED_STRING","2","","True","140","source/tables/table-05-expert-count.tex","\SGTGnum{14.27}"
"5","3","12","12","1","","T05R03C12","1","19.94","19.94","19.94","PASS","True","PASS_EXACT_RENDERED_STRING","2","","True","140","source/tables/table-05-expert-count.tex","\SGTGnum{19.94}"
"5","3","13","13","1","","T05R03C13","1","17.47","17.47","17.47","PASS","True","PASS_EXACT_RENDERED_STRING","2","","True","140","source/tables/table-05-expert-count.tex","\SGTGnum{17.47}"
"5","4","1","1","1","","T05R04C01","3","3","3","3","PASS","True","PASS_EXACT_RENDERED_STRING","0","","True","140","source/tables/table-05-expert-count.tex","3"
"5","4","2","2","1","","T05R04C02","3","23.51","23.51","23.51","PASS","True","PASS_EXACT_RENDERED_STRING","2","","True","140","source/tables/table-05-expert-count.tex","\SGTGnum{23.51}"
"5","4","3","3","1","","T05R04C03","3","12.23","12.23","12.23","PASS","True","PASS_EXACT_RENDERED_STRING","2","","True","140","source/tables/table-05-expert-count.tex","\SGTGnum{12.23}"
"5","4","4","4","1","","T05R04C04","3","16.09","16.09","16.09","PASS","True","PASS_EXACT_RENDERED_STRING","2","","True","140","source/tables/table-05-expert-count.tex","\SGTGnum{16.09}"
"5","4","5","5","1","","T05R04C05","3","12.23","12.23","12.23","PASS","True","PASS_EXACT_RENDERED_STRING","2","","True","140","source/tables/table-05-expert-count.tex","\SGTGnum{12.23}"
"5","4","6","6","1","","T05R04C06","3","52.75","52.75","52.75","PASS","True","PASS_EXACT_RENDERED_STRING","2","","True","140","source/tables/table-05-expert-count.tex","\SGTGnum{52.75}"
"5","4","7","7","1","","T05R04C07","3","34.19","34.19","34.19","PASS","True","PASS_EXACT_RENDERED_STRING","2","","True","140","source/tables/table-05-expert-count.tex","\SGTGnum{34.19}"
"5","4","8","8","1","","T05R04C08","3","41.49","41.49","41.49","PASS","True","PASS_EXACT_RENDERED_STRING","2","","True","140","source/tables/table-05-expert-count.tex","\SGTGnum{41.49}"
"5","4","9","9","1","","T05R04C09","3","35.19","35.19","35.19","PASS","True","PASS_EXACT_RENDERED_STRING","2","","True","140","source/tables/table-05-expert-count.tex","\SGTGnum{35.19}"
"5","4","10","10","1","","T05R04C10","3","34.44","34.44","34.44","PASS","True","PASS_EXACT_RENDERED_STRING","2","","True","140","source/tables/table-05-expert-count.tex","\SGTGnum{34.44}"
"5","4","11","11","1","","T05R04C11","3","16.04","16.04","16.04","PASS","True","PASS_EXACT_RENDERED_STRING","2","","True","140","source/tables/table-05-expert-count.tex","\SGTGnum{16.04}"
"5","4","12","12","1","","T05R04C12","3","21.89","21.89","21.89","PASS","True","PASS_EXACT_RENDERED_STRING","2","","True","140","source/tables/table-05-expert-count.tex","\SGTGnum{21.89}"
"5","4","13","13","1","","T05R04C13","3","19.02","19.02","19.02","PASS","True","PASS_EXACT_RENDERED_STRING","2","","True","140","source/tables/table-05-expert-count.tex","\SGTGnum{19.02}"
"5","5","1","1","1","","T05R05C01","5","5","5","5","PASS","True","PASS_EXACT_RENDERED_STRING","0","","True","140","source/tables/table-05-expert-count.tex","5"
"5","5","2","2","1","","T05R05C02","5","19.89","19.89","19.89","PASS","True","PASS_EXACT_RENDERED_STRING","2","","True","140","source/tables/table-05-expert-count.tex","\SGTGnum{19.89}"
"5","5","3","3","1","","T05R05C03","5","10.62","10.62","10.62","PASS","True","PASS_EXACT_RENDERED_STRING","2","","True","140","source/tables/table-05-expert-count.tex","\SGTGnum{10.62}"
"5","5","4","4","1","","T05R05C04","5","13.85","13.85","13.85","PASS","True","PASS_EXACT_RENDERED_STRING","2","","True","140","source/tables/table-05-expert-count.tex","\SGTGnum{13.85}"
"5","5","5","5","1","","T05R05C05","5","12.61","12.61","12.61","PASS","True","PASS_EXACT_RENDERED_STRING","2","","True","140","source/tables/table-05-expert-count.tex","\SGTGnum{12.61}"
"5","5","6","6","1","","T05R05C06","5","71.28","71.28","71.28","PASS","True","PASS_EXACT_RENDERED_STRING","2","","True","140","source/tables/table-05-expert-count.tex","\SGTGnum{71.28}"
"5","5","7","7","1","","T05R05C07","5","37.34","37.34","37.34","PASS","True","PASS_EXACT_RENDERED_STRING","2","","True","140","source/tables/table-05-expert-count.tex","\SGTGnum{37.34}"
"5","5","8","8","1","","T05R05C08","5","49.01","49.01","49.01","PASS","True","PASS_EXACT_RENDERED_STRING","2","","True","140","source/tables/table-05-expert-count.tex","\SGTGnum{49.01}"
"5","5","9","9","1","","T05R05C09","5","45.02","45.02","45.02","PASS","True","PASS_EXACT_RENDERED_STRING","2","","True","140","source/tables/table-05-expert-count.tex","\SGTGnum{45.02}"
"5","5","10","10","1","","T05R05C10","5","41.84","41.84","41.84","PASS","True","PASS_EXACT_RENDERED_STRING","2","","True","140","source/tables/table-05-expert-count.tex","\SGTGnum{41.84}"
"5","5","11","11","1","","T05R05C11","5","18.88","18.88","18.88","PASS","True","PASS_EXACT_RENDERED_STRING","2","","True","140","source/tables/table-05-expert-count.tex","\SGTGnum{18.88}"
"5","5","12","12","1","","T05R05C12","5","26.02","26.02","26.02","PASS","True","PASS_EXACT_RENDERED_STRING","2","","True","140","source/tables/table-05-expert-count.tex","\SGTGnum{26.02}"
"5","5","13","13","1","","T05R05C13","5","19.72","19.72","19.72","PASS","True","PASS_EXACT_RENDERED_STRING","2","","True","140","source/tables/table-05-expert-count.tex","\SGTGnum{19.72}"
"5","6","1","1","1","","T05R06C01","7","7","7","7","PASS","True","PASS_EXACT_RENDERED_STRING","0","textbf","True","140","source/tables/table-05-expert-count.tex","\textbf{7}"
"5","6","2","2","1","","T05R06C02","7","35.08","35.08","35.08","PASS","True","PASS_EXACT_RENDERED_STRING","2","textbf","True","140","source/tables/table-05-expert-count.tex","\textbf{\SGTGnum{35.08}}"
"5","6","3","3","1","","T05R06C03","7","16.87","16.87","16.87","PASS","True","PASS_EXACT_RENDERED_STRING","2","textbf","True","140","source/tables/table-05-expert-count.tex","\textbf{\SGTGnum{16.87}}"
"5","6","4","4","1","","T05R06C04","7","22.78","22.78","22.78","PASS","True","PASS_EXACT_RENDERED_STRING","2","textbf","True","140","source/tables/table-05-expert-count.tex","\textbf{\SGTGnum{22.78}}"
"5","6","5","5","1","","T05R06C05","7","17.65","17.65","17.65","PASS","True","PASS_EXACT_RENDERED_STRING","2","textbf","True","140","source/tables/table-05-expert-count.tex","\textbf{\SGTGnum{17.65}}"
"5","6","6","6","1","","T05R06C06","7","85.49","85.49","85.49","PASS","True","PASS_EXACT_RENDERED_STRING","2","textbf","True","140","source/tables/table-05-expert-count.tex","\textbf{\SGTGnum{85.49}}"
"5","6","7","7","1","","T05R06C07","7","46.97","46.97","46.97","PASS","True","PASS_EXACT_RENDERED_STRING","2","textbf","True","140","source/tables/table-05-expert-count.tex","\textbf{\SGTGnum{46.97}}"
"5","6","8","8","1","","T05R06C08","7","60.63","60.63","60.63","PASS","True","PASS_EXACT_RENDERED_STRING","2","textbf","True","140","source/tables/table-05-expert-count.tex","\textbf{\SGTGnum{60.63}}"
"5","6","9","9","1","","T05R06C09","7","50.38","50.38","50.38","PASS","True","PASS_EXACT_RENDERED_STRING","2","textbf","True","140","source/tables/table-05-expert-count.tex","\textbf{\SGTGnum{50.38}}"
"5","6","10","10","1","","T05R06C10","7","47.28","47.28","47.28","PASS","True","PASS_EXACT_RENDERED_STRING","2","textbf","True","140","source/tables/table-05-expert-count.tex","\textbf{\SGTGnum{47.28}}"
"5","6","11","11","1","","T05R06C11","7","23.61","23.61","23.61","PASS","True","PASS_EXACT_RENDERED_STRING","2","textbf","True","140","source/tables/table-05-expert-count.tex","\textbf{\SGTGnum{23.61}}"
"5","6","12","12","1","","T05R06C12","7","31.49","31.49","31.49","PASS","True","PASS_EXACT_RENDERED_STRING","2","textbf","True","140","source/tables/table-05-expert-count.tex","\textbf{\SGTGnum{31.49}}"
"5","6","13","13","1","","T05R06C13","7","23.96","23.96","23.96","PASS","True","PASS_EXACT_RENDERED_STRING","2","textbf","True","140","source/tables/table-05-expert-count.tex","\textbf{\SGTGnum{23.96}}"
"5","7","1","1","1","","T05R07C01","9","9","9","9","PASS","True","PASS_EXACT_RENDERED_STRING","0","","True","140","source/tables/table-05-expert-count.tex","9"
"5","7","2","2","1","","T05R07C02","9","30.99","30.99","30.99","PASS","True","PASS_EXACT_RENDERED_STRING","2","","True","140","source/tables/table-05-expert-count.tex","\SGTGnum{30.99}"
"5","7","3","3","1","","T05R07C03","9","11.75","11.75","11.75","PASS","True","PASS_EXACT_RENDERED_STRING","2","","True","140","source/tables/table-05-expert-count.tex","\SGTGnum{11.75}"
"5","7","4","4","1","","T05R07C04","9","17.04","17.04","17.04","PASS","True","PASS_EXACT_RENDERED_STRING","2","","True","140","source/tables/table-05-expert-count.tex","\SGTGnum{17.04}"
"5","7","5","5","1","","T05R07C05","9","14.73","14.73","14.73","PASS","True","PASS_EXACT_RENDERED_STRING","2","","True","140","source/tables/table-05-expert-count.tex","\SGTGnum{14.73}"
"5","7","6","6","1","","T05R07C06","9","87.48","87.48","87.48","PASS","True","PASS_EXACT_RENDERED_STRING","2","","True","140","source/tables/table-05-expert-count.tex","\SGTGnum{87.48}"
"5","7","7","7","1","","T05R07C07","9","45.77","45.77","45.77","PASS","True","PASS_EXACT_RENDERED_STRING","2","","True","140","source/tables/table-05-expert-count.tex","\SGTGnum{45.77}"
"5","7","8","8","1","","T05R07C08","9","60.10","60.10","60.10","PASS","True","PASS_EXACT_RENDERED_STRING","2","","True","140","source/tables/table-05-expert-count.tex","\SGTGnum{60.10}"
"5","7","9","9","1","","T05R07C09","9","51.48","51.48","51.48","PASS","True","PASS_EXACT_RENDERED_STRING","2","","True","140","source/tables/table-05-expert-count.tex","\SGTGnum{51.48}"
"5","7","10","10","1","","T05R07C10","9","43.97","43.97","43.97","PASS","True","PASS_EXACT_RENDERED_STRING","2","","True","140","source/tables/table-05-expert-count.tex","\SGTGnum{43.97}"
"5","7","11","11","1","","T05R07C11","9","20.15","20.15","20.15","PASS","True","PASS_EXACT_RENDERED_STRING","2","","True","140","source/tables/table-05-expert-count.tex","\SGTGnum{20.15}"
"5","7","12","12","1","","T05R07C12","9","27.64","27.64","27.64","PASS","True","PASS_EXACT_RENDERED_STRING","2","","True","140","source/tables/table-05-expert-count.tex","\SGTGnum{27.64}"
"5","7","13","13","1","","T05R07C13","9","21.03","21.03","21.03","PASS","True","PASS_EXACT_RENDERED_STRING","2","","True","140","source/tables/table-05-expert-count.tex","\SGTGnum{21.03}"
"6","1","1","1","1","restart","T06R01C01","Embedding objective","Embedding objective","Embedding objective","Embedding objective","PASS","False","not_numeric","","textbf","True","145","source/tables/table-06-prototype-objectives.tex","\multirow{2}{*}{\textbf{Embedding objective}}"
"6","1","2","2","4","","T06R01C02","Embedding objective","VGGSound-GZSLcls","VGGSound-GZSLcls","VGGSound-GZSLcls","PASS","False","not_numeric","","textbf,textit","True","145","source/tables/table-06-prototype-objectives.tex","\multicolumn{4}{c}{\textbf{VGGSound-GZSL}\textsuperscript{\textbf{\textit{cls}}}}"
"6","1","3","6","4","","T06R01C03","Embedding objective","UCF-GZSLcls","UCF-GZSLcls","UCF-GZSLcls","PASS","False","not_numeric","","textbf,textit","True","145","source/tables/table-06-prototype-objectives.tex","\multicolumn{4}{c}{\textbf{UCF-GZSL}\textsuperscript{\textbf{\textit{cls}}}}"
"6","1","4","10","4","","T06R01C04","Embedding objective","ActivityNet-GZSLcls","ActivityNet-GZSLcls","ActivityNet-GZSLcls","PASS","False","not_numeric","","textbf,textit","True","145","source/tables/table-06-prototype-objectives.tex","\multicolumn{4}{c}{\textbf{ActivityNet-GZSL}\textsuperscript{\textbf{\textit{cls}}}}"
"6","2","1","1","1","continue","T06R02C01","","","","","PASS","False","not_numeric","","","True","145","source/tables/table-06-prototype-objectives.tex",""
"6","2","2","2","1","","T06R02C02","","S","S","S","PASS","False","not_numeric","","textbf,textit","True","145","source/tables/table-06-prototype-objectives.tex","\textbf{\textit{S}}"
"6","2","3","3","1","","T06R02C03","","U","U","U","PASS","False","not_numeric","","textbf,textit","True","145","source/tables/table-06-prototype-objectives.tex","\textbf{\textit{U}}"
"6","2","4","4","1","","T06R02C04","","HM","HM","HM","PASS","False","not_numeric","","textbf","True","145","source/tables/table-06-prototype-objectives.tex","\textbf{HM}"
"6","2","5","5","1","","T06R02C05","","ZSL","ZSL","ZSL","PASS","False","not_numeric","","textbf","True","145","source/tables/table-06-prototype-objectives.tex","\textbf{ZSL}"
"6","2","6","6","1","","T06R02C06","","S","S","S","PASS","False","not_numeric","","textbf,textit","True","145","source/tables/table-06-prototype-objectives.tex","\textbf{\textit{S}}"
"6","2","7","7","1","","T06R02C07","","U","U","U","PASS","False","not_numeric","","textbf,textit","True","145","source/tables/table-06-prototype-objectives.tex","\textbf{\textit{U}}"
"6","2","8","8","1","","T06R02C08","","HM","HM","HM","PASS","False","not_numeric","","textbf","True","145","source/tables/table-06-prototype-objectives.tex","\textbf{HM}"
"6","2","9","9","1","","T06R02C09","","ZSL","ZSL","ZSL","PASS","False","not_numeric","","textbf","True","145","source/tables/table-06-prototype-objectives.tex","\textbf{ZSL}"
"6","2","10","10","1","","T06R02C10","","S","S","S","PASS","False","not_numeric","","textbf,textit","True","145","source/tables/table-06-prototype-objectives.tex","\textbf{\textit{S}}"
"6","2","11","11","1","","T06R02C11","","U","U","U","PASS","False","not_numeric","","textbf,textit","True","145","source/tables/table-06-prototype-objectives.tex","\textbf{\textit{U}}"
"6","2","12","12","1","","T06R02C12","","HM","HM","HM","PASS","False","not_numeric","","textbf","True","145","source/tables/table-06-prototype-objectives.tex","\textbf{HM}"
"6","2","13","13","1","","T06R02C13","","ZSL","ZSL","ZSL","PASS","False","not_numeric","","textbf","True","145","source/tables/table-06-prototype-objectives.tex","\textbf{ZSL}"
"6","3","1","1","1","","T06R03C01","Initial embeddings wc(0)","Initial embeddings wc(0)","Initial embeddings wc(0)","Initial embeddings wc(0)","PASS","False","not_numeric","","","True","145","source/tables/table-06-prototype-objectives.tex","Initial embeddings ${\boldsymbol{w}}_{c}^{(0)}$"
"6","3","2","2","1","","T06R03C02","Initial embeddings wc(0)","19.26","19.26","19.26","PASS","True","PASS_EXACT_RENDERED_STRING","2","","True","145","source/tables/table-06-prototype-objectives.tex","\SGTGnum{19.26}"
"6","3","3","3","1","","T06R03C03","Initial embeddings wc(0)","9.28","9.28","9.28","PASS","True","PASS_EXACT_RENDERED_STRING","2","","True","145","source/tables/table-06-prototype-objectives.tex","\SGTGnum{9.28}"
"6","3","4","4","1","","T06R03C04","Initial embeddings wc(0)","12.53","12.53","12.53","PASS","True","PASS_EXACT_RENDERED_STRING","2","","True","145","source/tables/table-06-prototype-objectives.tex","\SGTGnum{12.53}"
"6","3","5","5","1","","T06R03C05","Initial embeddings wc(0)","9.86","9.86","9.86","PASS","True","PASS_EXACT_RENDERED_STRING","2","","True","145","source/tables/table-06-prototype-objectives.tex","\SGTGnum{9.86}"
"6","3","6","6","1","","T06R03C06","Initial embeddings wc(0)","40.17","40.17","40.17","PASS","True","PASS_EXACT_RENDERED_STRING","2","","True","145","source/tables/table-06-prototype-objectives.tex","\SGTGnum{40.17}"
"6","3","7","7","1","","T06R03C07","Initial embeddings wc(0)","35.37","35.37","35.37","PASS","True","PASS_EXACT_RENDERED_STRING","2","","True","145","source/tables/table-06-prototype-objectives.tex","\SGTGnum{35.37}"
"6","3","8","8","1","","T06R03C08","Initial embeddings wc(0)","37.62","37.62","37.62","PASS","True","PASS_EXACT_RENDERED_STRING","2","","True","145","source/tables/table-06-prototype-objectives.tex","\SGTGnum{37.62}"
"6","3","9","9","1","","T06R03C09","Initial embeddings wc(0)","37.27","37.27","37.27","PASS","True","PASS_EXACT_RENDERED_STRING","2","","True","145","source/tables/table-06-prototype-objectives.tex","\SGTGnum{37.27}"
"6","3","10","10","1","","T06R03C10","Initial embeddings wc(0)","20.36","20.36","20.36","PASS","True","PASS_EXACT_RENDERED_STRING","2","","True","145","source/tables/table-06-prototype-objectives.tex","\SGTGnum{20.36}"
"6","3","11","11","1","","T06R03C11","Initial embeddings wc(0)","16.33","16.33","16.33","PASS","True","PASS_EXACT_RENDERED_STRING","2","","True","145","source/tables/table-06-prototype-objectives.tex","\SGTGnum{16.33}"
"6","3","12","12","1","","T06R03C12","Initial embeddings wc(0)","18.12","18.12","18.12","PASS","True","PASS_EXACT_RENDERED_STRING","2","","True","145","source/tables/table-06-prototype-objectives.tex","\SGTGnum{18.12}"
"6","3","13","13","1","","T06R03C13","Initial embeddings wc(0)","17.67","17.67","17.67","PASS","True","PASS_EXACT_RENDERED_STRING","2","","True","145","source/tables/table-06-prototype-objectives.tex","\SGTGnum{17.67}"
"6","4","1","1","1","","T06R04C01","Separation only ℒsep","Separation only ℒsep","Separation only ℒsep","Separation only ℒsep","PASS","False","not_numeric","","","True","145","source/tables/table-06-prototype-objectives.tex","Separation only ${\mathcal{L}}_{\mathrm{sep}}$"
"6","4","2","2","1","","T06R04C02","Separation only ℒsep","24.50","24.50","24.50","PASS","True","PASS_EXACT_RENDERED_STRING","2","","True","145","source/tables/table-06-prototype-objectives.tex","\SGTGnum{24.50}"
"6","4","3","3","1","","T06R04C03","Separation only ℒsep","12.95","12.95","12.95","PASS","True","PASS_EXACT_RENDERED_STRING","2","","True","145","source/tables/table-06-prototype-objectives.tex","\SGTGnum{12.95}"
"6","4","4","4","1","","T06R04C04","Separation only ℒsep","16.94","16.94","16.94","PASS","True","PASS_EXACT_RENDERED_STRING","2","","True","145","source/tables/table-06-prototype-objectives.tex","\SGTGnum{16.94}"
"6","4","5","5","1","","T06R04C05","Separation only ℒsep","16.72","16.72","16.72","PASS","True","PASS_EXACT_RENDERED_STRING","2","","True","145","source/tables/table-06-prototype-objectives.tex","\SGTGnum{16.72}"
"6","4","6","6","1","","T06R04C06","Separation only ℒsep","78.54","78.54","78.54","PASS","True","PASS_EXACT_RENDERED_STRING","2","","True","145","source/tables/table-06-prototype-objectives.tex","\SGTGnum{78.54}"
"6","4","7","7","1","","T06R04C07","Separation only ℒsep","34.96","34.96","34.96","PASS","True","PASS_EXACT_RENDERED_STRING","2","","True","145","source/tables/table-06-prototype-objectives.tex","\SGTGnum{34.96}"
"6","4","8","8","1","","T06R04C08","Separation only ℒsep","48.38","48.38","48.38","PASS","True","PASS_EXACT_RENDERED_STRING","2","","True","145","source/tables/table-06-prototype-objectives.tex","\SGTGnum{48.38}"
"6","4","9","9","1","","T06R04C09","Separation only ℒsep","41.26","41.26","41.26","PASS","True","PASS_EXACT_RENDERED_STRING","2","","True","145","source/tables/table-06-prototype-objectives.tex","\SGTGnum{41.26}"
"6","4","10","10","1","","T06R04C10","Separation only ℒsep","48.20","48.20","48.20","PASS","True","PASS_EXACT_RENDERED_STRING","2","","True","145","source/tables/table-06-prototype-objectives.tex","\SGTGnum{48.20}"
"6","4","11","11","1","","T06R04C11","Separation only ℒsep","20.90","20.90","20.90","PASS","True","PASS_EXACT_RENDERED_STRING","2","","True","145","source/tables/table-06-prototype-objectives.tex","\SGTGnum{20.90}"
"6","4","12","12","1","","T06R04C12","Separation only ℒsep","29.16","29.16","29.16","PASS","True","PASS_EXACT_RENDERED_STRING","2","","True","145","source/tables/table-06-prototype-objectives.tex","\SGTGnum{29.16}"
"6","4","13","13","1","","T06R04C13","Separation only ℒsep","21.35","21.35","21.35","PASS","True","PASS_EXACT_RENDERED_STRING","2","","True","145","source/tables/table-06-prototype-objectives.tex","\SGTGnum{21.35}"
"6","5","1","1","1","","T06R05C01","Margin ranking only ℒrank","Margin ranking only ℒrank","Margin ranking only ℒrank","Margin ranking only ℒrank","PASS","False","not_numeric","","","True","145","source/tables/table-06-prototype-objectives.tex","Margin ranking only ${\mathcal{L}}_{\mathrm{rank}}$"
"6","5","2","2","1","","T06R05C02","Margin ranking only ℒrank","20.80","20.80","20.80","PASS","True","PASS_EXACT_RENDERED_STRING","2","","True","145","source/tables/table-06-prototype-objectives.tex","\SGTGnum{20.80}"
"6","5","3","3","1","","T06R05C03","Margin ranking only ℒrank","12.52","12.52","12.52","PASS","True","PASS_EXACT_RENDERED_STRING","2","","True","145","source/tables/table-06-prototype-objectives.tex","\SGTGnum{12.52}"
"6","5","4","4","1","","T06R05C04","Margin ranking only ℒrank","15.63","15.63","15.63","PASS","True","PASS_EXACT_RENDERED_STRING","2","","True","145","source/tables/table-06-prototype-objectives.tex","\SGTGnum{15.63}"
"6","5","5","5","1","","T06R05C05","Margin ranking only ℒrank","14.58","14.58","14.58","PASS","True","PASS_EXACT_RENDERED_STRING","2","","True","145","source/tables/table-06-prototype-objectives.tex","\SGTGnum{14.58}"
"6","5","6","6","1","","T06R05C06","Margin ranking only ℒrank","74.08","74.08","74.08","PASS","True","PASS_EXACT_RENDERED_STRING","2","","True","145","source/tables/table-06-prototype-objectives.tex","\SGTGnum{74.08}"
"6","5","7","7","1","","T06R05C07","Margin ranking only ℒrank","43.90","43.90","43.90","PASS","True","PASS_EXACT_RENDERED_STRING","2","","True","145","source/tables/table-06-prototype-objectives.tex","\SGTGnum{43.90}"
"6","5","8","8","1","","T06R05C08","Margin ranking only ℒrank","55.13","55.13","55.13","PASS","True","PASS_EXACT_RENDERED_STRING","2","","True","145","source/tables/table-06-prototype-objectives.tex","\SGTGnum{55.13}"
"6","5","9","9","1","","T06R05C09","Margin ranking only ℒrank","43.96","43.96","43.96","PASS","True","PASS_EXACT_RENDERED_STRING","2","","True","145","source/tables/table-06-prototype-objectives.tex","\SGTGnum{43.96}"
"6","5","10","10","1","","T06R05C10","Margin ranking only ℒrank","33.67","33.67","33.67","PASS","True","PASS_EXACT_RENDERED_STRING","2","","True","145","source/tables/table-06-prototype-objectives.tex","\SGTGnum{33.67}"
"6","5","11","11","1","","T06R05C11","Margin ranking only ℒrank","21.52","21.52","21.52","PASS","True","PASS_EXACT_RENDERED_STRING","2","","True","145","source/tables/table-06-prototype-objectives.tex","\SGTGnum{21.52}"
"6","5","12","12","1","","T06R05C12","Margin ranking only ℒrank","26.26","26.26","26.26","PASS","True","PASS_EXACT_RENDERED_STRING","2","","True","145","source/tables/table-06-prototype-objectives.tex","\SGTGnum{26.26}"
"6","5","13","13","1","","T06R05C13","Margin ranking only ℒrank","24.52","24.52","24.52","PASS","True","PASS_EXACT_RENDERED_STRING","2","","True","145","source/tables/table-06-prototype-objectives.tex","\SGTGnum{24.52}"
"6","6","1","1","1","","T06R06C01","Joint objective ℒ","Joint objective ℒ","Joint objective ℒ","Joint objective ℒ","PASS","False","not_numeric","","textbf","True","145","source/tables/table-06-prototype-objectives.tex","\textbf{Joint objective }$\mathcal{L}$"
"6","6","2","2","1","","T06R06C02","Joint objective ℒ","35.08","35.08","35.08","PASS","True","PASS_EXACT_RENDERED_STRING","2","textbf","True","145","source/tables/table-06-prototype-objectives.tex","\textbf{\SGTGnum{35.08}}"
"6","6","3","3","1","","T06R06C03","Joint objective ℒ","16.87","16.87","16.87","PASS","True","PASS_EXACT_RENDERED_STRING","2","textbf","True","145","source/tables/table-06-prototype-objectives.tex","\textbf{\SGTGnum{16.87}}"
"6","6","4","4","1","","T06R06C04","Joint objective ℒ","22.78","22.78","22.78","PASS","True","PASS_EXACT_RENDERED_STRING","2","textbf","True","145","source/tables/table-06-prototype-objectives.tex","\textbf{\SGTGnum{22.78}}"
"6","6","5","5","1","","T06R06C05","Joint objective ℒ","17.65","17.65","17.65","PASS","True","PASS_EXACT_RENDERED_STRING","2","textbf","True","145","source/tables/table-06-prototype-objectives.tex","\textbf{\SGTGnum{17.65}}"
"6","6","6","6","1","","T06R06C06","Joint objective ℒ","85.49","85.49","85.49","PASS","True","PASS_EXACT_RENDERED_STRING","2","textbf","True","145","source/tables/table-06-prototype-objectives.tex","\textbf{\SGTGnum{85.49}}"
"6","6","7","7","1","","T06R06C07","Joint objective ℒ","46.97","46.97","46.97","PASS","True","PASS_EXACT_RENDERED_STRING","2","textbf","True","145","source/tables/table-06-prototype-objectives.tex","\textbf{\SGTGnum{46.97}}"
"6","6","8","8","1","","T06R06C08","Joint objective ℒ","60.63","60.63","60.63","PASS","True","PASS_EXACT_RENDERED_STRING","2","textbf","True","145","source/tables/table-06-prototype-objectives.tex","\textbf{\SGTGnum{60.63}}"
"6","6","9","9","1","","T06R06C09","Joint objective ℒ","50.38","50.38","50.38","PASS","True","PASS_EXACT_RENDERED_STRING","2","textbf","True","145","source/tables/table-06-prototype-objectives.tex","\textbf{\SGTGnum{50.38}}"
"6","6","10","10","1","","T06R06C10","Joint objective ℒ","47.28","47.28","47.28","PASS","True","PASS_EXACT_RENDERED_STRING","2","textbf","True","145","source/tables/table-06-prototype-objectives.tex","\textbf{\SGTGnum{47.28}}"
"6","6","11","11","1","","T06R06C11","Joint objective ℒ","23.61","23.61","23.61","PASS","True","PASS_EXACT_RENDERED_STRING","2","textbf","True","145","source/tables/table-06-prototype-objectives.tex","\textbf{\SGTGnum{23.61}}"
"6","6","12","12","1","","T06R06C12","Joint objective ℒ","31.49","31.49","31.49","PASS","True","PASS_EXACT_RENDERED_STRING","2","textbf","True","145","source/tables/table-06-prototype-objectives.tex","\textbf{\SGTGnum{31.49}}"
"6","6","13","13","1","","T06R06C13","Joint objective ℒ","23.96","23.96","23.96","PASS","True","PASS_EXACT_RENDERED_STRING","2","textbf","True","145","source/tables/table-06-prototype-objectives.tex","\textbf{\SGTGnum{23.96}}"
"7","1","1","1","1","restart","T07R01C01","Interaction and fusion","Interaction and fusion","Interaction and fusion","Interaction and fusion","PASS","False","not_numeric","","textbf","True","150","source/tables/table-07-interaction-gating.tex","\multirow{2}{*}{\textbf{Interaction and fusion}}"
"7","1","2","2","4","","T07R01C02","Interaction and fusion","VGGSound-GZSLcls","VGGSound-GZSLcls","VGGSound-GZSLcls","PASS","False","not_numeric","","textbf,textit","True","150","source/tables/table-07-interaction-gating.tex","\multicolumn{4}{c}{\textbf{VGGSound-GZSL}\textsuperscript{\textbf{\textit{cls}}}}"
"7","1","3","6","4","","T07R01C03","Interaction and fusion","UCF-GZSLcls","UCF-GZSLcls","UCF-GZSLcls","PASS","False","not_numeric","","textbf,textit","True","150","source/tables/table-07-interaction-gating.tex","\multicolumn{4}{c}{\textbf{UCF-GZSL}\textsuperscript{\textbf{\textit{cls}}}}"
"7","1","4","10","4","","T07R01C04","Interaction and fusion","ActivityNet-GZSLcls","ActivityNet-GZSLcls","ActivityNet-GZSLcls","PASS","False","not_numeric","","textbf,textit","True","150","source/tables/table-07-interaction-gating.tex","\multicolumn{4}{c}{\textbf{ActivityNet-GZSL}\textsuperscript{\textbf{\textit{cls}}}}"
"7","2","1","1","1","continue","T07R02C01","","","","","PASS","False","not_numeric","","","True","150","source/tables/table-07-interaction-gating.tex",""
"7","2","2","2","1","","T07R02C02","","S","S","S","PASS","False","not_numeric","","textbf,textit","True","150","source/tables/table-07-interaction-gating.tex","\textbf{\textit{S}}"
"7","2","3","3","1","","T07R02C03","","U","U","U","PASS","False","not_numeric","","textbf,textit","True","150","source/tables/table-07-interaction-gating.tex","\textbf{\textit{U}}"
"7","2","4","4","1","","T07R02C04","","HM","HM","HM","PASS","False","not_numeric","","textbf","True","150","source/tables/table-07-interaction-gating.tex","\textbf{HM}"
"7","2","5","5","1","","T07R02C05","","ZSL","ZSL","ZSL","PASS","False","not_numeric","","textbf","True","150","source/tables/table-07-interaction-gating.tex","\textbf{ZSL}"
"7","2","6","6","1","","T07R02C06","","S","S","S","PASS","False","not_numeric","","textbf,textit","True","150","source/tables/table-07-interaction-gating.tex","\textbf{\textit{S}}"
"7","2","7","7","1","","T07R02C07","","U","U","U","PASS","False","not_numeric","","textbf,textit","True","150","source/tables/table-07-interaction-gating.tex","\textbf{\textit{U}}"
"7","2","8","8","1","","T07R02C08","","HM","HM","HM","PASS","False","not_numeric","","textbf","True","150","source/tables/table-07-interaction-gating.tex","\textbf{HM}"
"7","2","9","9","1","","T07R02C09","","ZSL","ZSL","ZSL","PASS","False","not_numeric","","textbf","True","150","source/tables/table-07-interaction-gating.tex","\textbf{ZSL}"
"7","2","10","10","1","","T07R02C10","","S","S","S","PASS","False","not_numeric","","textbf,textit","True","150","source/tables/table-07-interaction-gating.tex","\textbf{\textit{S}}"
"7","2","11","11","1","","T07R02C11","","U","U","U","PASS","False","not_numeric","","textbf,textit","True","150","source/tables/table-07-interaction-gating.tex","\textbf{\textit{U}}"
"7","2","12","12","1","","T07R02C12","","HM","HM","HM","PASS","False","not_numeric","","textbf","True","150","source/tables/table-07-interaction-gating.tex","\textbf{HM}"
"7","2","13","13","1","","T07R02C13","","ZSL","ZSL","ZSL","PASS","False","not_numeric","","textbf","True","150","source/tables/table-07-interaction-gating.tex","\textbf{ZSL}"
"7","3","1","1","1","","T07R03C01","Intra-modal only hcintra","Intra-modal only hcintra","Intra-modal only hcintra","Intra-modal only hcintra","PASS","False","not_numeric","","","True","150","source/tables/table-07-interaction-gating.tex","Intra-modal only ${\boldsymbol{h}}_{c}^{\mathrm{intra}}$"
"7","3","2","2","1","","T07R03C02","Intra-modal only hcintra","19.87","19.87","19.87","PASS","True","PASS_EXACT_RENDERED_STRING","2","","True","150","source/tables/table-07-interaction-gating.tex","\SGTGnum{19.87}"
"7","3","3","3","1","","T07R03C03","Intra-modal only hcintra","10.45","10.45","10.45","PASS","True","PASS_EXACT_RENDERED_STRING","2","","True","150","source/tables/table-07-interaction-gating.tex","\SGTGnum{10.45}"
"7","3","4","4","1","","T07R03C04","Intra-modal only hcintra","13.70","13.70","13.70","PASS","True","PASS_EXACT_RENDERED_STRING","2","","True","150","source/tables/table-07-interaction-gating.tex","\SGTGnum{13.70}"
"7","3","5","5","1","","T07R03C05","Intra-modal only hcintra","11.39","11.39","11.39","PASS","True","PASS_EXACT_RENDERED_STRING","2","","True","150","source/tables/table-07-interaction-gating.tex","\SGTGnum{11.39}"
"7","3","6","6","1","","T07R03C06","Intra-modal only hcintra","43.45","43.45","43.45","PASS","True","PASS_EXACT_RENDERED_STRING","2","","True","150","source/tables/table-07-interaction-gating.tex","\SGTGnum{43.45}"
"7","3","7","7","1","","T07R03C07","Intra-modal only hcintra","34.49","34.49","34.49","PASS","True","PASS_EXACT_RENDERED_STRING","2","","True","150","source/tables/table-07-interaction-gating.tex","\SGTGnum{34.49}"
"7","3","8","8","1","","T07R03C08","Intra-modal only hcintra","38.45","38.45","38.45","PASS","True","PASS_EXACT_RENDERED_STRING","2","","True","150","source/tables/table-07-interaction-gating.tex","\SGTGnum{38.45}"
"7","3","9","9","1","","T07R03C09","Intra-modal only hcintra","36.92","36.92","36.92","PASS","True","PASS_EXACT_RENDERED_STRING","2","","True","150","source/tables/table-07-interaction-gating.tex","\SGTGnum{36.92}"
"7","3","10","10","1","","T07R03C10","Intra-modal only hcintra","24.47","24.47","24.47","PASS","True","PASS_EXACT_RENDERED_STRING","2","","True","150","source/tables/table-07-interaction-gating.tex","\SGTGnum{24.47}"
"7","3","11","11","1","","T07R03C11","Intra-modal only hcintra","12.15","12.15","12.15","PASS","True","PASS_EXACT_RENDERED_STRING","2","","True","150","source/tables/table-07-interaction-gating.tex","\SGTGnum{12.15}"
"7","3","12","12","1","","T07R03C12","Intra-modal only hcintra","16.24","16.24","16.24","PASS","True","PASS_EXACT_RENDERED_STRING","2","","True","150","source/tables/table-07-interaction-gating.tex","\SGTGnum{16.24}"
"7","3","13","13","1","","T07R03C13","Intra-modal only hcintra","12.44","12.44","12.44","PASS","True","PASS_EXACT_RENDERED_STRING","2","","True","150","source/tables/table-07-interaction-gating.tex","\SGTGnum{12.44}"
"7","4","1","1","1","","T07R04C01","Inter-modal only hcinter","Inter-modal only hcinter","Inter-modal only hcinter","Inter-modal only hcinter","PASS","False","not_numeric","","","True","150","source/tables/table-07-interaction-gating.tex","Inter-modal only ${\boldsymbol{h}}_{c}^{\mathrm{inter}}$"
"7","4","2","2","1","","T07R04C02","Inter-modal only hcinter","24.03","24.03","24.03","PASS","True","PASS_EXACT_RENDERED_STRING","2","","True","150","source/tables/table-07-interaction-gating.tex","\SGTGnum{24.03}"
"7","4","3","3","1","","T07R04C03","Inter-modal only hcinter","9.63","9.63","9.63","PASS","True","PASS_EXACT_RENDERED_STRING","2","","True","150","source/tables/table-07-interaction-gating.tex","\SGTGnum{9.63}"
"7","4","4","4","1","","T07R04C04","Inter-modal only hcinter","13.75","13.75","13.75","PASS","True","PASS_EXACT_RENDERED_STRING","2","","True","150","source/tables/table-07-interaction-gating.tex","\SGTGnum{13.75}"
"7","4","5","5","1","","T07R04C05","Inter-modal only hcinter","11.56","11.56","11.56","PASS","True","PASS_EXACT_RENDERED_STRING","2","","True","150","source/tables/table-07-interaction-gating.tex","\SGTGnum{11.56}"
"7","4","6","6","1","","T07R04C06","Inter-modal only hcinter","65.83","65.83","65.83","PASS","True","PASS_EXACT_RENDERED_STRING","2","","True","150","source/tables/table-07-interaction-gating.tex","\SGTGnum{65.83}"
"7","4","7","7","1","","T07R04C07","Inter-modal only hcinter","28.25","28.25","28.25","PASS","True","PASS_EXACT_RENDERED_STRING","2","","True","150","source/tables/table-07-interaction-gating.tex","\SGTGnum{28.25}"
"7","4","8","8","1","","T07R04C08","Inter-modal only hcinter","39.53","39.53","39.53","PASS","True","PASS_EXACT_RENDERED_STRING","2","","True","150","source/tables/table-07-interaction-gating.tex","\SGTGnum{39.53}"
"7","4","9","9","1","","T07R04C09","Inter-modal only hcinter","28.63","28.63","28.63","PASS","True","PASS_EXACT_RENDERED_STRING","2","","True","150","source/tables/table-07-interaction-gating.tex","\SGTGnum{28.63}"
"7","4","10","10","1","","T07R04C10","Inter-modal only hcinter","29.72","29.72","29.72","PASS","True","PASS_EXACT_RENDERED_STRING","2","","True","150","source/tables/table-07-interaction-gating.tex","\SGTGnum{29.72}"
"7","4","11","11","1","","T07R04C11","Inter-modal only hcinter","11.62","11.62","11.62","PASS","True","PASS_EXACT_RENDERED_STRING","2","","True","150","source/tables/table-07-interaction-gating.tex","\SGTGnum{11.62}"
"7","4","12","12","1","","T07R04C12","Inter-modal only hcinter","16.71","16.71","16.71","PASS","True","PASS_EXACT_RENDERED_STRING","2","","True","150","source/tables/table-07-interaction-gating.tex","\SGTGnum{16.71}"
"7","4","13","13","1","","T07R04C13","Inter-modal only hcinter","15.82","15.82","15.82","PASS","True","PASS_EXACT_RENDERED_STRING","2","","True","150","source/tables/table-07-interaction-gating.tex","\SGTGnum{15.82}"
"7","5","1","1","1","","T07R05C01","Three-way averaging","Three-way averaging","Three-way averaging","Three-way averaging","PASS","False","not_numeric","","","True","150","source/tables/table-07-interaction-gating.tex","Three-way averaging"
"7","5","2","2","1","","T07R05C02","Three-way averaging","16.32","16.32","16.32","PASS","True","PASS_EXACT_RENDERED_STRING","2","","True","150","source/tables/table-07-interaction-gating.tex","\SGTGnum{16.32}"
"7","5","3","3","1","","T07R05C03","Three-way averaging","6.96","6.96","6.96","PASS","True","PASS_EXACT_RENDERED_STRING","2","","True","150","source/tables/table-07-interaction-gating.tex","\SGTGnum{6.96}"
"7","5","4","4","1","","T07R05C04","Three-way averaging","9.76","9.76","9.76","PASS","True","PASS_EXACT_RENDERED_STRING","2","","True","150","source/tables/table-07-interaction-gating.tex","\SGTGnum{9.76}"
"7","5","5","5","1","","T07R05C05","Three-way averaging","9.02","9.02","9.02","PASS","True","PASS_EXACT_RENDERED_STRING","2","","True","150","source/tables/table-07-interaction-gating.tex","\SGTGnum{9.02}"
"7","5","6","6","1","","T07R05C06","Three-way averaging","67.43","67.43","67.43","PASS","True","PASS_EXACT_RENDERED_STRING","2","","True","150","source/tables/table-07-interaction-gating.tex","\SGTGnum{67.43}"
"7","5","7","7","1","","T07R05C07","Three-way averaging","35.49","35.49","35.49","PASS","True","PASS_EXACT_RENDERED_STRING","2","","True","150","source/tables/table-07-interaction-gating.tex","\SGTGnum{35.49}"
"7","5","8","8","1","","T07R05C08","Three-way averaging","46.50","46.50","46.50","PASS","True","PASS_EXACT_RENDERED_STRING","2","","True","150","source/tables/table-07-interaction-gating.tex","\SGTGnum{46.50}"
"7","5","9","9","1","","T07R05C09","Three-way averaging","37.62","37.62","37.62","PASS","True","PASS_EXACT_RENDERED_STRING","2","","True","150","source/tables/table-07-interaction-gating.tex","\SGTGnum{37.62}"
"7","5","10","10","1","","T07R05C10","Three-way averaging","35.21","35.21","35.21","PASS","True","PASS_EXACT_RENDERED_STRING","2","","True","150","source/tables/table-07-interaction-gating.tex","\SGTGnum{35.21}"
"7","5","11","11","1","","T07R05C11","Three-way averaging","16.59","16.59","16.59","PASS","True","PASS_EXACT_RENDERED_STRING","2","","True","150","source/tables/table-07-interaction-gating.tex","\SGTGnum{16.59}"
"7","5","12","12","1","","T07R05C12","Three-way averaging","22.55","22.55","22.55","PASS","True","PASS_EXACT_RENDERED_STRING","2","","True","150","source/tables/table-07-interaction-gating.tex","\SGTGnum{22.55}"
"7","5","13","13","1","","T07R05C13","Three-way averaging","20.74","20.74","20.74","PASS","True","PASS_EXACT_RENDERED_STRING","2","","True","150","source/tables/table-07-interaction-gating.tex","\SGTGnum{20.74}"
"7","6","1","1","1","","T07R06C01","Full three-way gating","Full three-way gating","Full three-way gating","Full three-way gating","PASS","False","not_numeric","","textbf","True","150","source/tables/table-07-interaction-gating.tex","\textbf{Full three-way gating}"
"7","6","2","2","1","","T07R06C02","Full three-way gating","35.08","35.08","35.08","PASS","True","PASS_EXACT_RENDERED_STRING","2","textbf","True","150","source/tables/table-07-interaction-gating.tex","\textbf{\SGTGnum{35.08}}"
"7","6","3","3","1","","T07R06C03","Full three-way gating","16.87","16.87","16.87","PASS","True","PASS_EXACT_RENDERED_STRING","2","textbf","True","150","source/tables/table-07-interaction-gating.tex","\textbf{\SGTGnum{16.87}}"
"7","6","4","4","1","","T07R06C04","Full three-way gating","22.78","22.78","22.78","PASS","True","PASS_EXACT_RENDERED_STRING","2","textbf","True","150","source/tables/table-07-interaction-gating.tex","\textbf{\SGTGnum{22.78}}"
"7","6","5","5","1","","T07R06C05","Full three-way gating","17.65","17.65","17.65","PASS","True","PASS_EXACT_RENDERED_STRING","2","textbf","True","150","source/tables/table-07-interaction-gating.tex","\textbf{\SGTGnum{17.65}}"
"7","6","6","6","1","","T07R06C06","Full three-way gating","85.49","85.49","85.49","PASS","True","PASS_EXACT_RENDERED_STRING","2","textbf","True","150","source/tables/table-07-interaction-gating.tex","\textbf{\SGTGnum{85.49}}"
"7","6","7","7","1","","T07R06C07","Full three-way gating","46.97","46.97","46.97","PASS","True","PASS_EXACT_RENDERED_STRING","2","textbf","True","150","source/tables/table-07-interaction-gating.tex","\textbf{\SGTGnum{46.97}}"
"7","6","8","8","1","","T07R06C08","Full three-way gating","60.63","60.63","60.63","PASS","True","PASS_EXACT_RENDERED_STRING","2","textbf","True","150","source/tables/table-07-interaction-gating.tex","\textbf{\SGTGnum{60.63}}"
"7","6","9","9","1","","T07R06C09","Full three-way gating","50.38","50.38","50.38","PASS","True","PASS_EXACT_RENDERED_STRING","2","textbf","True","150","source/tables/table-07-interaction-gating.tex","\textbf{\SGTGnum{50.38}}"
"7","6","10","10","1","","T07R06C10","Full three-way gating","47.28","47.28","47.28","PASS","True","PASS_EXACT_RENDERED_STRING","2","textbf","True","150","source/tables/table-07-interaction-gating.tex","\textbf{\SGTGnum{47.28}}"
"7","6","11","11","1","","T07R06C11","Full three-way gating","23.61","23.61","23.61","PASS","True","PASS_EXACT_RENDERED_STRING","2","textbf","True","150","source/tables/table-07-interaction-gating.tex","\textbf{\SGTGnum{23.61}}"
"7","6","12","12","1","","T07R06C12","Full three-way gating","31.49","31.49","31.49","PASS","True","PASS_EXACT_RENDERED_STRING","2","textbf","True","150","source/tables/table-07-interaction-gating.tex","\textbf{\SGTGnum{31.49}}"
"7","6","13","13","1","","T07R06C13","Full three-way gating","23.96","23.96","23.96","PASS","True","PASS_EXACT_RENDERED_STRING","2","textbf","True","150","source/tables/table-07-interaction-gating.tex","\textbf{\SGTGnum{23.96}}"
"8","1","1","1","1","restart","T08R01C01","Text encoder","Text encoder","Text encoder","Text encoder","PASS","False","not_numeric","","textbf","True","155","source/tables/table-08-text-encoders.tex","\multirow{2}{*}{\textbf{Text encoder}}"
"8","1","2","2","4","","T08R01C02","Text encoder","VGGSound-GZSLcls","VGGSound-GZSLcls","VGGSound-GZSLcls","PASS","False","not_numeric","","textbf,textit","True","155","source/tables/table-08-text-encoders.tex","\multicolumn{4}{c}{\textbf{VGGSound-GZSL}\textsuperscript{\textbf{\textit{cls}}}}"
"8","1","3","6","4","","T08R01C03","Text encoder","UCF-GZSLcls","UCF-GZSLcls","UCF-GZSLcls","PASS","False","not_numeric","","textbf,textit","True","155","source/tables/table-08-text-encoders.tex","\multicolumn{4}{c}{\textbf{UCF-GZSL}\textsuperscript{\textbf{\textit{cls}}}}"
"8","1","4","10","4","","T08R01C04","Text encoder","ActivityNet-GZSLcls","ActivityNet-GZSLcls","ActivityNet-GZSLcls","PASS","False","not_numeric","","textbf,textit","True","155","source/tables/table-08-text-encoders.tex","\multicolumn{4}{c}{\textbf{ActivityNet-GZSL}\textsuperscript{\textbf{\textit{cls}}}}"
"8","2","1","1","1","continue","T08R02C01","","","","","PASS","False","not_numeric","","","True","155","source/tables/table-08-text-encoders.tex",""
"8","2","2","2","1","","T08R02C02","","S","S","S","PASS","False","not_numeric","","textbf,textit","True","155","source/tables/table-08-text-encoders.tex","\textbf{\textit{S}}"
"8","2","3","3","1","","T08R02C03","","U","U","U","PASS","False","not_numeric","","textbf,textit","True","155","source/tables/table-08-text-encoders.tex","\textbf{\textit{U}}"
"8","2","4","4","1","","T08R02C04","","HM","HM","HM","PASS","False","not_numeric","","textbf","True","155","source/tables/table-08-text-encoders.tex","\textbf{HM}"
"8","2","5","5","1","","T08R02C05","","ZSL","ZSL","ZSL","PASS","False","not_numeric","","textbf","True","155","source/tables/table-08-text-encoders.tex","\textbf{ZSL}"
"8","2","6","6","1","","T08R02C06","","S","S","S","PASS","False","not_numeric","","textbf,textit","True","155","source/tables/table-08-text-encoders.tex","\textbf{\textit{S}}"
"8","2","7","7","1","","T08R02C07","","U","U","U","PASS","False","not_numeric","","textbf,textit","True","155","source/tables/table-08-text-encoders.tex","\textbf{\textit{U}}"
"8","2","8","8","1","","T08R02C08","","HM","HM","HM","PASS","False","not_numeric","","textbf","True","155","source/tables/table-08-text-encoders.tex","\textbf{HM}"
"8","2","9","9","1","","T08R02C09","","ZSL","ZSL","ZSL","PASS","False","not_numeric","","textbf","True","155","source/tables/table-08-text-encoders.tex","\textbf{ZSL}"
"8","2","10","10","1","","T08R02C10","","S","S","S","PASS","False","not_numeric","","textbf,textit","True","155","source/tables/table-08-text-encoders.tex","\textbf{\textit{S}}"
"8","2","11","11","1","","T08R02C11","","U","U","U","PASS","False","not_numeric","","textbf,textit","True","155","source/tables/table-08-text-encoders.tex","\textbf{\textit{U}}"
"8","2","12","12","1","","T08R02C12","","HM","HM","HM","PASS","False","not_numeric","","textbf","True","155","source/tables/table-08-text-encoders.tex","\textbf{HM}"
"8","2","13","13","1","","T08R02C13","","ZSL","ZSL","ZSL","PASS","False","not_numeric","","textbf","True","155","source/tables/table-08-text-encoders.tex","\textbf{ZSL}"
"8","3","1","1","1","","T08R03C01","CLIP","CLIP","CLIP","CLIP","PASS","False","not_numeric","","","True","155","source/tables/table-08-text-encoders.tex","CLIP"
"8","3","2","2","1","","T08R03C02","CLIP","18.23","18.23","18.23","PASS","True","PASS_EXACT_RENDERED_STRING","2","","True","155","source/tables/table-08-text-encoders.tex","\SGTGnum{18.23}"
"8","3","3","3","1","","T08R03C03","CLIP","10.86","10.86","10.86","PASS","True","PASS_EXACT_RENDERED_STRING","2","","True","155","source/tables/table-08-text-encoders.tex","\SGTGnum{10.86}"
"8","3","4","4","1","","T08R03C04","CLIP","13.61","13.61","13.61","PASS","True","PASS_EXACT_RENDERED_STRING","2","","True","155","source/tables/table-08-text-encoders.tex","\SGTGnum{13.61}"
"8","3","5","5","1","","T08R03C05","CLIP","12.02","12.02","12.02","PASS","True","PASS_EXACT_RENDERED_STRING","2","","True","155","source/tables/table-08-text-encoders.tex","\SGTGnum{12.02}"
"8","3","6","6","1","","T08R03C06","CLIP","64.03","64.03","64.03","PASS","True","PASS_EXACT_RENDERED_STRING","2","","True","155","source/tables/table-08-text-encoders.tex","\SGTGnum{64.03}"
"8","3","7","7","1","","T08R03C07","CLIP","33.79","33.79","33.79","PASS","True","PASS_EXACT_RENDERED_STRING","2","","True","155","source/tables/table-08-text-encoders.tex","\SGTGnum{33.79}"
"8","3","8","8","1","","T08R03C08","CLIP","44.24","44.24","44.24","PASS","True","PASS_EXACT_RENDERED_STRING","2","","True","155","source/tables/table-08-text-encoders.tex","\SGTGnum{44.24}"
"8","3","9","9","1","","T08R03C09","CLIP","39.53","39.53","39.53","PASS","True","PASS_EXACT_RENDERED_STRING","2","","True","155","source/tables/table-08-text-encoders.tex","\SGTGnum{39.53}"
"8","3","10","10","1","","T08R03C10","CLIP","38.66","38.66","38.66","PASS","True","PASS_EXACT_RENDERED_STRING","2","","True","155","source/tables/table-08-text-encoders.tex","\SGTGnum{38.66}"
"8","3","11","11","1","","T08R03C11","CLIP","13.50","13.50","13.50","PASS","True","PASS_EXACT_RENDERED_STRING","2","","True","155","source/tables/table-08-text-encoders.tex","\SGTGnum{13.50}"
"8","3","12","12","1","","T08R03C12","CLIP","20.01","20.01","20.01","PASS","True","PASS_EXACT_RENDERED_STRING","2","","True","155","source/tables/table-08-text-encoders.tex","\SGTGnum{20.01}"
"8","3","13","13","1","","T08R03C13","CLIP","16.51","16.51","16.51","PASS","True","PASS_EXACT_RENDERED_STRING","2","","True","155","source/tables/table-08-text-encoders.tex","\SGTGnum{16.51}"
"8","4","1","1","1","","T08R04C01","CLAP","CLAP","CLAP","CLAP","PASS","False","not_numeric","","","True","155","source/tables/table-08-text-encoders.tex","CLAP"
"8","4","2","2","1","","T08R04C02","CLAP","25.54","25.54","25.54","PASS","True","PASS_EXACT_RENDERED_STRING","2","","True","155","source/tables/table-08-text-encoders.tex","\SGTGnum{25.54}"
"8","4","3","3","1","","T08R04C03","CLAP","11.22","11.22","11.22","PASS","True","PASS_EXACT_RENDERED_STRING","2","","True","155","source/tables/table-08-text-encoders.tex","\SGTGnum{11.22}"
"8","4","4","4","1","","T08R04C04","CLAP","15.59","15.59","15.59","PASS","True","PASS_EXACT_RENDERED_STRING","2","","True","155","source/tables/table-08-text-encoders.tex","\SGTGnum{15.59}"
"8","4","5","5","1","","T08R04C05","CLAP","12.29","12.29","12.29","PASS","True","PASS_EXACT_RENDERED_STRING","2","","True","155","source/tables/table-08-text-encoders.tex","\SGTGnum{12.29}"
"8","4","6","6","1","","T08R04C06","CLAP","76.42","76.42","76.42","PASS","True","PASS_EXACT_RENDERED_STRING","2","","True","155","source/tables/table-08-text-encoders.tex","\SGTGnum{76.42}"
"8","4","7","7","1","","T08R04C07","CLAP","27.47","27.47","27.47","PASS","True","PASS_EXACT_RENDERED_STRING","2","","True","155","source/tables/table-08-text-encoders.tex","\SGTGnum{27.47}"
"8","4","8","8","1","","T08R04C08","CLAP","40.41","40.41","40.41","PASS","True","PASS_EXACT_RENDERED_STRING","2","","True","155","source/tables/table-08-text-encoders.tex","\SGTGnum{40.41}"
"8","4","9","9","1","","T08R04C09","CLAP","34.47","34.47","34.47","PASS","True","PASS_EXACT_RENDERED_STRING","2","","True","155","source/tables/table-08-text-encoders.tex","\SGTGnum{34.47}"
"8","4","10","10","1","","T08R04C10","CLAP","33.19","33.19","33.19","PASS","True","PASS_EXACT_RENDERED_STRING","2","","True","155","source/tables/table-08-text-encoders.tex","\SGTGnum{33.19}"
"8","4","11","11","1","","T08R04C11","CLAP","15.55","15.55","15.55","PASS","True","PASS_EXACT_RENDERED_STRING","2","","True","155","source/tables/table-08-text-encoders.tex","\SGTGnum{15.55}"
"8","4","12","12","1","","T08R04C12","CLAP","21.18","21.18","21.18","PASS","True","PASS_EXACT_RENDERED_STRING","2","","True","155","source/tables/table-08-text-encoders.tex","\SGTGnum{21.18}"
"8","4","13","13","1","","T08R04C13","CLAP","17.72","17.72","17.72","PASS","True","PASS_EXACT_RENDERED_STRING","2","","True","155","source/tables/table-08-text-encoders.tex","\SGTGnum{17.72}"
"8","5","1","1","1","","T08R05C01","CLIP+CLAP","CLIP+CLAP","CLIP+CLAP","CLIP+CLAP","PASS","False","not_numeric","","textbf","True","155","source/tables/table-08-text-encoders.tex","\textbf{CLIP+CLAP}"
"8","5","2","2","1","","T08R05C02","CLIP+CLAP","35.08","35.08","35.08","PASS","True","PASS_EXACT_RENDERED_STRING","2","textbf","True","155","source/tables/table-08-text-encoders.tex","\textbf{\SGTGnum{35.08}}"
"8","5","3","3","1","","T08R05C03","CLIP+CLAP","16.87","16.87","16.87","PASS","True","PASS_EXACT_RENDERED_STRING","2","textbf","True","155","source/tables/table-08-text-encoders.tex","\textbf{\SGTGnum{16.87}}"
"8","5","4","4","1","","T08R05C04","CLIP+CLAP","22.78","22.78","22.78","PASS","True","PASS_EXACT_RENDERED_STRING","2","textbf","True","155","source/tables/table-08-text-encoders.tex","\textbf{\SGTGnum{22.78}}"
"8","5","5","5","1","","T08R05C05","CLIP+CLAP","17.65","17.65","17.65","PASS","True","PASS_EXACT_RENDERED_STRING","2","textbf","True","155","source/tables/table-08-text-encoders.tex","\textbf{\SGTGnum{17.65}}"
"8","5","6","6","1","","T08R05C06","CLIP+CLAP","85.49","85.49","85.49","PASS","True","PASS_EXACT_RENDERED_STRING","2","textbf","True","155","source/tables/table-08-text-encoders.tex","\textbf{\SGTGnum{85.49}}"
"8","5","7","7","1","","T08R05C07","CLIP+CLAP","46.97","46.97","46.97","PASS","True","PASS_EXACT_RENDERED_STRING","2","textbf","True","155","source/tables/table-08-text-encoders.tex","\textbf{\SGTGnum{46.97}}"
"8","5","8","8","1","","T08R05C08","CLIP+CLAP","60.63","60.63","60.63","PASS","True","PASS_EXACT_RENDERED_STRING","2","textbf","True","155","source/tables/table-08-text-encoders.tex","\textbf{\SGTGnum{60.63}}"
"8","5","9","9","1","","T08R05C09","CLIP+CLAP","50.38","50.38","50.38","PASS","True","PASS_EXACT_RENDERED_STRING","2","textbf","True","155","source/tables/table-08-text-encoders.tex","\textbf{\SGTGnum{50.38}}"
"8","5","10","10","1","","T08R05C10","CLIP+CLAP","47.28","47.28","47.28","PASS","True","PASS_EXACT_RENDERED_STRING","2","textbf","True","155","source/tables/table-08-text-encoders.tex","\textbf{\SGTGnum{47.28}}"
"8","5","11","11","1","","T08R05C11","CLIP+CLAP","23.61","23.61","23.61","PASS","True","PASS_EXACT_RENDERED_STRING","2","textbf","True","155","source/tables/table-08-text-encoders.tex","\textbf{\SGTGnum{23.61}}"
"8","5","12","12","1","","T08R05C12","CLIP+CLAP","31.49","31.49","31.49","PASS","True","PASS_EXACT_RENDERED_STRING","2","textbf","True","155","source/tables/table-08-text-encoders.tex","\textbf{\SGTGnum{31.49}}"
"8","5","13","13","1","","T08R05C13","CLIP+CLAP","23.96","23.96","23.96","PASS","True","PASS_EXACT_RENDERED_STRING","2","textbf","True","155","source/tables/table-08-text-encoders.tex","\textbf{\SGTGnum{23.96}}"
"9","1","1","1","1","restart","T09R01C01","Description strategy","Description strategy","Description strategy","Description strategy","PASS","False","not_numeric","","textbf","True","161","source/tables/table-09-descriptions.tex","\multirow{2}{*}{\textbf{Description strategy}}"
"9","1","2","2","4","","T09R01C02","Description strategy","VGGSound-GZSLcls","VGGSound-GZSLcls","VGGSound-GZSLcls","PASS","False","not_numeric","","textbf,textit","True","161","source/tables/table-09-descriptions.tex","\multicolumn{4}{c}{\textbf{VGGSound-GZSL}\textsuperscript{\textbf{\textit{cls}}}}"
"9","1","3","6","4","","T09R01C03","Description strategy","UCF-GZSLcls","UCF-GZSLcls","UCF-GZSLcls","PASS","False","not_numeric","","textbf,textit","True","161","source/tables/table-09-descriptions.tex","\multicolumn{4}{c}{\textbf{UCF-GZSL}\textsuperscript{\textbf{\textit{cls}}}}"
"9","1","4","10","4","","T09R01C04","Description strategy","ActivityNet-GZSLcls","ActivityNet-GZSLcls","ActivityNet-GZSLcls","PASS","False","not_numeric","","textbf,textit","True","161","source/tables/table-09-descriptions.tex","\multicolumn{4}{c}{\textbf{ActivityNet-GZSL}\textsuperscript{\textbf{\textit{cls}}}}"
"9","2","1","1","1","continue","T09R02C01","","","","","PASS","False","not_numeric","","","True","161","source/tables/table-09-descriptions.tex",""
"9","2","2","2","1","","T09R02C02","","S","S","S","PASS","False","not_numeric","","textbf,textit","True","161","source/tables/table-09-descriptions.tex","\textbf{\textit{S}}"
"9","2","3","3","1","","T09R02C03","","U","U","U","PASS","False","not_numeric","","textbf,textit","True","161","source/tables/table-09-descriptions.tex","\textbf{\textit{U}}"
"9","2","4","4","1","","T09R02C04","","HM","HM","HM","PASS","False","not_numeric","","textbf","True","161","source/tables/table-09-descriptions.tex","\textbf{HM}"
"9","2","5","5","1","","T09R02C05","","ZSL","ZSL","ZSL","PASS","False","not_numeric","","textbf","True","161","source/tables/table-09-descriptions.tex","\textbf{ZSL}"
"9","2","6","6","1","","T09R02C06","","S","S","S","PASS","False","not_numeric","","textbf,textit","True","161","source/tables/table-09-descriptions.tex","\textbf{\textit{S}}"
"9","2","7","7","1","","T09R02C07","","U","U","U","PASS","False","not_numeric","","textbf,textit","True","161","source/tables/table-09-descriptions.tex","\textbf{\textit{U}}"
"9","2","8","8","1","","T09R02C08","","HM","HM","HM","PASS","False","not_numeric","","textbf","True","161","source/tables/table-09-descriptions.tex","\textbf{HM}"
"9","2","9","9","1","","T09R02C09","","ZSL","ZSL","ZSL","PASS","False","not_numeric","","textbf","True","161","source/tables/table-09-descriptions.tex","\textbf{ZSL}"
"9","2","10","10","1","","T09R02C10","","S","S","S","PASS","False","not_numeric","","textbf,textit","True","161","source/tables/table-09-descriptions.tex","\textbf{\textit{S}}"
"9","2","11","11","1","","T09R02C11","","U","U","U","PASS","False","not_numeric","","textbf,textit","True","161","source/tables/table-09-descriptions.tex","\textbf{\textit{U}}"
"9","2","12","12","1","","T09R02C12","","HM","HM","HM","PASS","False","not_numeric","","textbf","True","161","source/tables/table-09-descriptions.tex","\textbf{HM}"
"9","2","13","13","1","","T09R02C13","","ZSL","ZSL","ZSL","PASS","False","not_numeric","","textbf","True","161","source/tables/table-09-descriptions.tex","\textbf{ZSL}"
"9","3","1","1","1","","T09R03C01","Class name prompts only","Class name prompts only","Class name prompts only","Class name prompts only","PASS","False","not_numeric","","","True","161","source/tables/table-09-descriptions.tex","Class name prompts only"
"9","3","2","2","1","","T09R03C02","Class name prompts only","16.88","16.88","16.88","PASS","True","PASS_EXACT_RENDERED_STRING","2","","True","161","source/tables/table-09-descriptions.tex","\SGTGnum{16.88}"
"9","3","3","3","1","","T09R03C03","Class name prompts only","8.48","8.48","8.48","PASS","True","PASS_EXACT_RENDERED_STRING","2","","True","161","source/tables/table-09-descriptions.tex","\SGTGnum{8.48}"
"9","3","4","4","1","","T09R03C04","Class name prompts only","11.29","11.29","11.29","PASS","True","PASS_EXACT_RENDERED_STRING","2","","True","161","source/tables/table-09-descriptions.tex","\SGTGnum{11.29}"
"9","3","5","5","1","","T09R03C05","Class name prompts only","9.48","9.48","9.48","PASS","True","PASS_EXACT_RENDERED_STRING","2","","True","161","source/tables/table-09-descriptions.tex","\SGTGnum{9.48}"
"9","3","6","6","1","","T09R03C06","Class name prompts only","52.97","52.97","52.97","PASS","True","PASS_EXACT_RENDERED_STRING","2","","True","161","source/tables/table-09-descriptions.tex","\SGTGnum{52.97}"
"9","3","7","7","1","","T09R03C07","Class name prompts only","24.54","24.54","24.54","PASS","True","PASS_EXACT_RENDERED_STRING","2","","True","161","source/tables/table-09-descriptions.tex","\SGTGnum{24.54}"
"9","3","8","8","1","","T09R03C08","Class name prompts only","33.54","33.54","33.54","PASS","True","PASS_EXACT_RENDERED_STRING","2","","True","161","source/tables/table-09-descriptions.tex","\SGTGnum{33.54}"
"9","3","9","9","1","","T09R03C09","Class name prompts only","31.65","31.65","31.65","PASS","True","PASS_EXACT_RENDERED_STRING","2","","True","161","source/tables/table-09-descriptions.tex","\SGTGnum{31.65}"
"9","3","10","10","1","","T09R03C10","Class name prompts only","22.86","22.86","22.86","PASS","True","PASS_EXACT_RENDERED_STRING","2","","True","161","source/tables/table-09-descriptions.tex","\SGTGnum{22.86}"
"9","3","11","11","1","","T09R03C11","Class name prompts only","11.89","11.89","11.89","PASS","True","PASS_EXACT_RENDERED_STRING","2","","True","161","source/tables/table-09-descriptions.tex","\SGTGnum{11.89}"
"9","3","12","12","1","","T09R03C12","Class name prompts only","15.64","15.64","15.64","PASS","True","PASS_EXACT_RENDERED_STRING","2","","True","161","source/tables/table-09-descriptions.tex","\SGTGnum{15.64}"
"9","3","13","13","1","","T09R03C13","Class name prompts only","13.04","13.04","13.04","PASS","True","PASS_EXACT_RENDERED_STRING","2","","True","161","source/tables/table-09-descriptions.tex","\SGTGnum{13.04}"
"9","4","1","1","1","","T09R04C01","Visual descriptions","Visual descriptions","Visual descriptions","Visual descriptions","PASS","False","not_numeric","","","True","161","source/tables/table-09-descriptions.tex","Visual descriptions"
"9","4","2","2","1","","T09R04C02","Visual descriptions","23.45","23.45","23.45","PASS","True","PASS_EXACT_RENDERED_STRING","2","","True","161","source/tables/table-09-descriptions.tex","\SGTGnum{23.45}"
"9","4","3","3","1","","T09R04C03","Visual descriptions","16.11","16.11","16.11","PASS","True","PASS_EXACT_RENDERED_STRING","2","","True","161","source/tables/table-09-descriptions.tex","\SGTGnum{16.11}"
"9","4","4","4","1","","T09R04C04","Visual descriptions","19.10","19.10","19.10","PASS","True","PASS_EXACT_RENDERED_STRING","2","","True","161","source/tables/table-09-descriptions.tex","\SGTGnum{19.10}"
"9","4","5","5","1","","T09R04C05","Visual descriptions","18.06","18.06","18.06","PASS","True","PASS_EXACT_RENDERED_STRING","2","","True","161","source/tables/table-09-descriptions.tex","\SGTGnum{18.06}"
"9","4","6","6","1","","T09R04C06","Visual descriptions","64.13","64.13","64.13","PASS","True","PASS_EXACT_RENDERED_STRING","2","","True","161","source/tables/table-09-descriptions.tex","\SGTGnum{64.13}"
"9","4","7","7","1","","T09R04C07","Visual descriptions","37.24","37.24","37.24","PASS","True","PASS_EXACT_RENDERED_STRING","2","","True","161","source/tables/table-09-descriptions.tex","\SGTGnum{37.24}"
"9","4","8","8","1","","T09R04C08","Visual descriptions","47.12","47.12","47.12","PASS","True","PASS_EXACT_RENDERED_STRING","2","","True","161","source/tables/table-09-descriptions.tex","\SGTGnum{47.12}"
"9","4","9","9","1","","T09R04C09","Visual descriptions","40.76","40.76","40.76","PASS","True","PASS_EXACT_RENDERED_STRING","2","","True","161","source/tables/table-09-descriptions.tex","\SGTGnum{40.76}"
"9","4","10","10","1","","T09R04C10","Visual descriptions","35.66","35.66","35.66","PASS","True","PASS_EXACT_RENDERED_STRING","2","","True","161","source/tables/table-09-descriptions.tex","\SGTGnum{35.66}"
"9","4","11","11","1","","T09R04C11","Visual descriptions","16.51","16.51","16.51","PASS","True","PASS_EXACT_RENDERED_STRING","2","","True","161","source/tables/table-09-descriptions.tex","\SGTGnum{16.51}"
"9","4","12","12","1","","T09R04C12","Visual descriptions","22.57","22.57","22.57","PASS","True","PASS_EXACT_RENDERED_STRING","2","","True","161","source/tables/table-09-descriptions.tex","\SGTGnum{22.57}"
"9","4","13","13","1","","T09R04C13","Visual descriptions","21.42","21.42","21.42","PASS","True","PASS_EXACT_RENDERED_STRING","2","","True","161","source/tables/table-09-descriptions.tex","\SGTGnum{21.42}"
"9","5","1","1","1","","T09R05C01","Auditory descriptions","Auditory descriptions","Auditory descriptions","Auditory descriptions","PASS","False","not_numeric","","","True","161","source/tables/table-09-descriptions.tex","Auditory descriptions"
"9","5","2","2","1","","T09R05C02","Auditory descriptions","19.63","19.63","19.63","PASS","True","PASS_EXACT_RENDERED_STRING","2","","True","161","source/tables/table-09-descriptions.tex","\SGTGnum{19.63}"
"9","5","3","3","1","","T09R05C03","Auditory descriptions","11.31","11.31","11.31","PASS","True","PASS_EXACT_RENDERED_STRING","2","","True","161","source/tables/table-09-descriptions.tex","\SGTGnum{11.31}"
"9","5","4","4","1","","T09R05C04","Auditory descriptions","14.35","14.35","14.35","PASS","True","PASS_EXACT_RENDERED_STRING","2","","True","161","source/tables/table-09-descriptions.tex","\SGTGnum{14.35}"
"9","5","5","5","1","","T09R05C05","Auditory descriptions","12.35","12.35","12.35","PASS","True","PASS_EXACT_RENDERED_STRING","2","","True","161","source/tables/table-09-descriptions.tex","\SGTGnum{12.35}"
"9","5","6","6","1","","T09R05C06","Auditory descriptions","53.69","53.69","53.69","PASS","True","PASS_EXACT_RENDERED_STRING","2","","True","161","source/tables/table-09-descriptions.tex","\SGTGnum{53.69}"
"9","5","7","7","1","","T09R05C07","Auditory descriptions","32.06","32.06","32.06","PASS","True","PASS_EXACT_RENDERED_STRING","2","","True","161","source/tables/table-09-descriptions.tex","\SGTGnum{32.06}"
"9","5","8","8","1","","T09R05C08","Auditory descriptions","40.15","40.15","40.15","PASS","True","PASS_EXACT_RENDERED_STRING","2","","True","161","source/tables/table-09-descriptions.tex","\SGTGnum{40.15}"
"9","5","9","9","1","","T09R05C09","Auditory descriptions","34.93","34.93","34.93","PASS","True","PASS_EXACT_RENDERED_STRING","2","","True","161","source/tables/table-09-descriptions.tex","\SGTGnum{34.93}"
"9","5","10","10","1","","T09R05C10","Auditory descriptions","28.42","28.42","28.42","PASS","True","PASS_EXACT_RENDERED_STRING","2","","True","161","source/tables/table-09-descriptions.tex","\SGTGnum{28.42}"
"9","5","11","11","1","","T09R05C11","Auditory descriptions","20.69","20.69","20.69","PASS","True","PASS_EXACT_RENDERED_STRING","2","","True","161","source/tables/table-09-descriptions.tex","\SGTGnum{20.69}"
"9","5","12","12","1","","T09R05C12","Auditory descriptions","23.95","23.95","23.95","PASS","True","PASS_EXACT_RENDERED_STRING","2","","True","161","source/tables/table-09-descriptions.tex","\SGTGnum{23.95}"
"9","5","13","13","1","","T09R05C13","Auditory descriptions","20.96","20.96","20.96","PASS","True","PASS_EXACT_RENDERED_STRING","2","","True","161","source/tables/table-09-descriptions.tex","\SGTGnum{20.96}"
"9","6","1","1","1","","T09R06C01","Visual + auditory descriptions","Visual + auditory descriptions","Visual + auditory descriptions","Visual + auditory descriptions","PASS","False","not_numeric","","textbf","True","161","source/tables/table-09-descriptions.tex","\textbf{Visual + auditory descriptions}"
"9","6","2","2","1","","T09R06C02","Visual + auditory descriptions","35.08","35.08","35.08","PASS","True","PASS_EXACT_RENDERED_STRING","2","textbf","True","161","source/tables/table-09-descriptions.tex","\textbf{\SGTGnum{35.08}}"
"9","6","3","3","1","","T09R06C03","Visual + auditory descriptions","16.87","16.87","16.87","PASS","True","PASS_EXACT_RENDERED_STRING","2","textbf","True","161","source/tables/table-09-descriptions.tex","\textbf{\SGTGnum{16.87}}"
"9","6","4","4","1","","T09R06C04","Visual + auditory descriptions","22.78","22.78","22.78","PASS","True","PASS_EXACT_RENDERED_STRING","2","textbf","True","161","source/tables/table-09-descriptions.tex","\textbf{\SGTGnum{22.78}}"
"9","6","5","5","1","","T09R06C05","Visual + auditory descriptions","17.65","17.65","17.65","PASS","True","PASS_EXACT_RENDERED_STRING","2","textbf","True","161","source/tables/table-09-descriptions.tex","\textbf{\SGTGnum{17.65}}"
"9","6","6","6","1","","T09R06C06","Visual + auditory descriptions","85.49","85.49","85.49","PASS","True","PASS_EXACT_RENDERED_STRING","2","textbf","True","161","source/tables/table-09-descriptions.tex","\textbf{\SGTGnum{85.49}}"
"9","6","7","7","1","","T09R06C07","Visual + auditory descriptions","46.97","46.97","46.97","PASS","True","PASS_EXACT_RENDERED_STRING","2","textbf","True","161","source/tables/table-09-descriptions.tex","\textbf{\SGTGnum{46.97}}"
"9","6","8","8","1","","T09R06C08","Visual + auditory descriptions","60.63","60.63","60.63","PASS","True","PASS_EXACT_RENDERED_STRING","2","textbf","True","161","source/tables/table-09-descriptions.tex","\textbf{\SGTGnum{60.63}}"
"9","6","9","9","1","","T09R06C09","Visual + auditory descriptions","50.38","50.38","50.38","PASS","True","PASS_EXACT_RENDERED_STRING","2","textbf","True","161","source/tables/table-09-descriptions.tex","\textbf{\SGTGnum{50.38}}"
"9","6","10","10","1","","T09R06C10","Visual + auditory descriptions","47.28","47.28","47.28","PASS","True","PASS_EXACT_RENDERED_STRING","2","textbf","True","161","source/tables/table-09-descriptions.tex","\textbf{\SGTGnum{47.28}}"
"9","6","11","11","1","","T09R06C11","Visual + auditory descriptions","23.61","23.61","23.61","PASS","True","PASS_EXACT_RENDERED_STRING","2","textbf","True","161","source/tables/table-09-descriptions.tex","\textbf{\SGTGnum{23.61}}"
"9","6","12","12","1","","T09R06C12","Visual + auditory descriptions","31.49","31.49","31.49","PASS","True","PASS_EXACT_RENDERED_STRING","2","textbf","True","161","source/tables/table-09-descriptions.tex","\textbf{\SGTGnum{31.49}}"
"9","6","13","13","1","","T09R06C13","Visual + auditory descriptions","23.96","23.96","23.96","PASS","True","PASS_EXACT_RENDERED_STRING","2","textbf","True","161","source/tables/table-09-descriptions.tex","\textbf{\SGTGnum{23.96}}"
